date,regime,regime_label,portfolio_USMV_overlay,portfolio_cash_baseline,SPY,USMV,cumret_USMV_overlay_pct,cumret_cash_baseline_pct,cumret_SPY_pct,cumret_USMV_etf_pct,portfolio_USMV_USD,portfolio_cash_USD,cash_USD,positions_value_USD,n_positions
2023-01-03,0,bull,100.0,100.0,100.0,100.0,0.0,0.0,0.0,0.0,1000.0,1000.0,1000.0,0.0,0
2023-01-04,0,bull,101.3172,101.3172,100.772,100.5543,1.3172,1.3172,0.772,0.5543,1013.1725,1013.1725,640.0008,373.1717,6
2023-01-05,0,bull,98.6982,98.6982,99.6219,99.6259,-1.3018,-1.3018,-0.3781,-0.3741,986.9825,986.9825,575.0836,411.8989,7
2023-01-06,0,bull,99.2856,99.2856,101.9064,101.7875,-0.7144,-0.7144,1.9064,1.7875,992.8558,992.8558,554.8817,437.9741,8
2023-01-09,0,bull,100.8479,100.8479,101.8486,101.0531,0.8479,0.8479,1.8486,1.0531,1008.4791,1008.4791,573.8532,434.6259,8
2023-01-10,0,bull,102.1643,102.1643,102.5629,101.3441,2.1643,2.1643,2.5629,1.3441,1021.643,1021.643,451.043,570.6,10
2023-01-11,0,bull,104.8156,104.8156,103.8601,102.2309,4.8156,4.8156,3.8601,2.2309,1048.1562,1048.1562,388.1326,660.0236,11
2023-01-12,0,bull,109.3709,109.3709,104.2382,101.9537,9.3709,9.3709,4.2382,1.9537,1093.709,1093.709,408.1984,685.5106,11
2023-01-13,0,bull,108.4358,108.4358,104.6426,102.0784,8.4358,8.4358,4.6426,2.0784,1084.358,1084.358,437.9365,646.4215,11
2023-01-17,0,bull,110.6605,110.6605,104.4509,101.6073,10.6605,10.6605,4.4509,1.6073,1106.6055,1106.6055,437.9365,668.669,11
2023-01-18,0,bull,108.3076,108.3076,102.8018,99.8199,8.3076,8.3076,2.8018,-0.1801,1083.0763,1083.0763,451.1165,631.9597,11
2023-01-19,0,bull,106.2595,106.2595,102.0535,99.2102,6.2595,6.2595,2.0535,-0.7898,1062.595,1062.595,548.4842,514.1108,10
2023-01-20,0,bull,109.4818,109.4818,103.9546,100.2633,9.4818,9.4818,3.9546,0.2633,1094.8181,1094.8181,501.3462,593.4718,11
2023-01-23,0,bull,112.6325,112.6325,105.2019,100.7483,12.6325,12.6325,5.2019,0.7483,1126.3254,1126.3254,433.7911,692.5342,12
2023-01-24,0,bull,111.3995,111.3995,105.089,100.7344,11.3995,11.3995,5.089,0.7344,1113.9953,1113.9953,637.0962,476.8991,8
2023-01-25,0,bull,112.3283,112.3283,105.1284,100.8868,12.3283,12.3283,5.1284,0.8868,1123.2832,1123.2832,492.8143,630.4688,10
2023-01-26,0,bull,112.6827,112.6827,106.2838,101.0392,12.6827,12.6827,6.2838,1.0392,1126.8273,1126.8273,292.1096,834.7177,13
2023-01-27,0,bull,117.5007,117.5007,106.528,100.7344,17.5007,17.5007,6.528,0.7344,1175.0065,1175.0065,221.8998,953.1068,14
2023-01-30,0,bull,115.9635,115.9635,105.1914,100.2494,15.9635,15.9635,5.1914,0.2494,1159.6346,1159.6346,245.0211,914.6135,14
2023-01-31,0,bull,118.4779,118.4779,106.7381,101.4272,18.4779,18.4779,6.7381,1.4272,1184.7788,1184.7788,272.2577,912.5211,13
2023-02-01,0,bull,127.479,127.479,107.8725,102.0507,27.479,27.479,7.8725,2.0507,1274.7898,1274.7898,196.0207,1078.7691,14
2023-02-02,0,bull,134.5039,134.5039,109.4428,101.9122,34.5039,34.5039,9.4428,1.9122,1345.0394,1345.0394,196.0207,1149.0187,14
2023-02-03,0,bull,130.6718,130.6718,108.2795,101.1224,30.6718,30.6718,8.2795,1.1224,1306.718,1306.718,196.0207,1110.6973,14
2023-02-06,0,bull,128.5673,128.5673,107.6178,100.9145,28.5673,28.5673,7.6178,0.9145,1285.6729,1285.6729,189.1226,1096.5503,15
2023-02-07,0,bull,129.4011,129.4011,109.0253,101.3856,29.4011,29.4011,9.0253,1.3856,1294.0111,1294.0111,219.7215,1074.2896,15
2023-02-08,0,bull,129.534,129.534,107.8331,100.4018,29.534,29.534,7.8331,0.4018,1295.3399,1295.3399,280.6524,1014.6874,15
2023-02-09,0,bull,127.0569,127.0569,106.8982,99.7922,27.0569,27.0569,6.8982,-0.2078,1270.5687,1270.5687,342.8842,927.6846,15
2023-02-10,0,bull,123.0142,123.0142,107.1477,100.7205,23.0142,23.0142,7.1477,0.7205,1230.1422,1230.1422,391.84,838.3021,15
2023-02-13,0,bull,124.6381,124.6381,108.4055,101.5658,24.6381,24.6381,8.4055,1.5658,1246.3813,1246.3813,541.9443,704.437,13
2023-02-14,0,bull,127.8574,127.8574,108.3557,100.7621,27.8574,27.8574,8.3557,0.7621,1278.5743,1278.5743,673.8888,604.6855,11
2023-02-15,0,bull,134.9079,134.9079,108.7075,101.0115,34.9079,34.9079,8.7075,1.0115,1349.0795,1349.0795,546.236,802.8435,11
2023-02-16,0,bull,130.3734,130.3734,107.2107,100.4296,30.3734,30.3734,7.2107,0.4296,1303.7342,1303.7342,570.6435,733.0907,11
2023-02-17,0,bull,129.0098,129.0098,106.9429,100.9284,29.0098,29.0098,6.9429,0.9284,1290.0982,1290.0982,496.4213,793.6769,13
2023-02-21,0,bull,124.3148,124.3148,104.7975,99.6398,24.3148,24.3148,4.7975,-0.3602,1243.1484,1243.1484,700.7581,542.3902,11
2023-02-22,0,bull,124.9006,124.9006,104.6531,99.2656,24.9006,24.9006,4.6531,-0.7344,1249.0059,1249.0059,550.9173,698.0886,13
2023-02-23,0,bull,126.0725,126.0725,105.2098,99.2933,26.0725,26.0725,5.2098,-0.7067,1260.725,1260.725,637.7123,623.0127,12
2023-02-24,0,bull,123.9867,123.9867,104.0859,98.5035,23.9867,23.9867,4.0859,-1.4965,1239.8667,1239.8667,673.7641,566.1027,11
2023-02-27,0,bull,124.8881,124.8881,104.4404,98.5313,24.8881,24.8881,4.4404,-1.4687,1248.8806,1248.8806,662.0101,586.8704,11
2023-02-28,0,bull,124.5261,124.5261,104.0544,97.88,24.5261,24.5261,4.0544,-2.12,1245.2606,1245.2606,647.5262,597.7344,11
2023-03-01,0,bull,123.8488,123.8488,103.6553,97.3673,23.8488,23.8488,3.6553,-2.6327,1238.488,1238.488,691.192,547.296,11
2023-03-02,0,bull,124.7321,124.7321,104.4614,98.2126,24.7321,24.7321,4.4614,-1.7874,1247.3209,1247.3209,742.075,505.2459,11
2023-03-03,0,bull,126.1637,126.1637,106.1367,99.0994,26.1637,26.1637,6.1367,-0.9006,1261.6368,1261.6368,682.7984,578.8385,12
2023-03-06,0,bull,124.8306,124.8306,106.2103,99.1409,24.8306,24.8306,6.2103,-0.8591,1248.3065,1248.3065,815.2548,433.0516,10
2023-03-07,0,bull,124.4678,124.4678,104.5822,97.9355,24.4678,24.4678,4.5822,-2.0645,1244.6785,1244.6785,811.1494,433.5291,9
2023-03-08,0,bull,125.0801,125.0801,104.7529,97.9632,25.0801,25.0801,4.7529,-2.0368,1250.8008,1250.8008,736.2275,514.5733,10
2023-03-09,0,bull,122.3632,122.3632,102.8202,96.8547,22.3632,22.3632,2.8202,-3.1453,1223.6321,1223.6321,798.0224,425.6096,9
2023-03-10,0,bull,119.5701,119.5701,101.3366,95.7739,19.5701,19.5701,1.3366,-4.2261,1195.7015,1195.7015,894.5219,301.1796,6
2023-03-13,0,bull,120.5086,120.5086,101.1922,96.1064,20.5086,20.5086,1.1922,-3.8936,1205.086,1205.086,783.225,421.861,8
2023-03-14,0,bull,119.7311,119.7311,102.8649,97.0071,19.7311,19.7311,2.8649,-2.9929,1197.3109,1197.3109,691.0664,506.2446,9
2023-03-15,0,bull,121.0515,121.0515,102.2215,96.8685,21.0515,21.0515,2.2215,-3.1315,1210.5155,1210.5155,729.0759,481.4396,9
2023-03-16,0,bull,123.1331,123.1331,104.015,97.8246,23.1331,23.1331,4.015,-2.1754,1231.3306,1231.3306,565.9921,665.3385,11
2023-03-17,0,bull,121.9356,121.9356,102.7988,96.9516,21.9356,21.9356,2.7988,-3.0484,1219.3557,1219.3557,442.6587,776.697,13
2023-03-20,0,bull,122.0431,122.0431,103.7873,98.074,22.0431,22.0431,3.7873,-1.926,1220.4314,1220.4314,488.9701,731.4613,13
2023-03-21,0,bull,127.5325,127.5325,105.15,98.2126,27.5325,27.5325,5.15,-1.7874,1275.3253,1275.3253,412.4739,862.8514,14
2023-03-22,0,bull,124.7822,124.7822,103.3576,96.8685,24.7822,24.7822,3.3576,-3.1315,1247.8223,1247.8223,459.7099,788.1124,14
2023-03-23,0,bull,122.8868,122.8868,103.637,96.9938,22.8868,22.8868,3.637,-3.0062,1228.8679,1228.8679,569.3473,659.5205,12
2023-03-24,0,bull,122.9941,122.9941,104.3171,98.3579,22.9941,22.9941,4.3171,-1.6421,1229.9413,1229.9413,422.0641,807.8773,14
2023-03-27,0,bull,123.1943,123.1943,104.5121,98.6503,23.1943,23.1943,4.5121,-1.3497,1231.9432,1231.9432,530.874,701.0692,14
2023-03-28,0,bull,122.7648,122.7648,104.2775,98.7338,22.7648,22.7648,4.2775,-1.2662,1227.6481,1227.6481,482.9809,744.6672,15
2023-03-29,0,bull,125.586,125.586,105.7932,99.6803,25.586,25.586,5.7932,-0.3197,1255.8595,1255.8595,482.9809,772.8786,15
2023-03-30,0,bull,125.5535,125.5535,106.4126,100.1397,25.5535,25.5535,6.4126,0.1397,1255.5349,1255.5349,575.2316,680.3033,14
2023-03-31,0,bull,127.397,127.397,107.9125,101.2533,27.397,27.397,7.9125,1.2533,1273.9696,1273.9696,498.9458,775.0237,15
2023-04-03,0,bull,126.2998,126.2998,108.3237,101.657,26.2998,26.2998,8.3237,1.657,1262.9981,1262.9981,664.7141,598.284,12
2023-04-04,0,bull,125.0885,125.0885,107.7227,101.3925,25.0885,25.0885,7.7227,1.3925,1250.8846,1250.8846,613.1374,637.7473,13
2023-04-05,0,bull,123.1019,123.1019,107.4407,102.005,23.1019,23.1019,7.4407,2.005,1231.019,1231.019,667.7501,563.2689,11
2023-04-06,0,bull,123.8588,123.8588,107.8598,102.3529,23.8588,23.8588,7.8598,2.3529,1238.5883,1238.5883,673.3546,565.2337,10
2023-04-10,0,bull,125.8286,125.8286,107.9705,102.2555,25.8286,25.8286,7.9705,2.2555,1258.286,1258.286,638.2112,620.0748,10
2023-04-11,0,bull,126.939,126.939,107.9995,102.5061,26.939,26.939,7.9995,2.5061,1269.3895,1269.3895,638.2112,631.1783,10
2023-04-12,0,bull,125.7551,125.7551,107.5593,102.5478,25.7551,25.7551,7.5593,2.5478,1257.5509,1257.5509,706.7851,550.7658,10
2023-04-13,0,bull,126.6244,126.6244,108.988,103.1881,26.6244,26.6244,8.988,3.1881,1266.2444,1266.2444,676.526,589.7184,9
2023-04-14,0,bull,126.0329,126.0329,108.7217,102.52,26.0329,26.0329,8.7217,2.52,1260.329,1260.329,559.8185,700.5104,11
2023-04-17,0,bull,127.0663,127.0663,109.1119,102.9933,27.0663,27.0663,9.1119,2.9933,1270.6628,1270.6628,664.0819,606.5809,10
2023-04-18,0,bull,127.2455,127.2455,109.183,102.7984,27.2455,27.2455,9.183,2.7984,1272.4551,1272.4551,664.0819,608.3732,10
2023-04-19,0,bull,126.5272,126.5272,109.1646,102.5478,26.5272,26.5272,9.1646,2.5478,1265.2725,1265.2725,680.5988,584.6737,10
2023-04-20,0,bull,124.4788,124.4788,108.5689,102.4365,24.4788,24.4788,8.5689,2.4365,1244.7878,1244.7878,898.6032,346.1846,8
2023-04-21,0,bull,124.2182,124.2182,108.6532,102.7149,24.2182,24.2182,8.6532,2.7149,1242.1821,1242.1821,774.5476,467.6345,10
2023-04-24,0,bull,123.4252,123.4252,108.7666,102.8958,23.4252,23.4252,8.7666,2.8958,1234.2523,1234.2523,844.6086,389.6438,9
2023-04-25,0,bull,121.3662,121.3662,107.04,102.0746,21.3662,21.3662,7.04,2.0746,1213.6616,1213.6616,837.7068,375.9548,9
2023-04-26,0,bull,121.5238,121.5238,106.5866,100.8078,21.5238,21.5238,6.5866,0.8078,1215.2376,1215.2376,881.5915,333.6462,7
2023-04-27,0,bull,122.155,122.155,108.7086,102.1441,22.155,22.155,8.7086,2.1441,1221.5504,1221.5504,864.2049,357.3455,8
2023-04-28,0,bull,122.148,122.148,109.6364,102.7566,22.148,22.148,9.6364,2.7566,1221.4799,1221.4799,924.2082,297.2718,7
2023-05-01,0,bull,121.5285,121.5285,109.5257,103.0768,21.5285,21.5285,9.5257,3.0768,1215.2845,1215.2845,918.9913,296.2932,6
2023-05-02,0,bull,121.2743,121.2743,108.2947,102.1999,21.2743,21.2743,8.2947,2.1999,1212.7427,1212.7427,715.055,497.6878,9
2023-05-03,0,bull,122.8636,122.8636,107.5514,101.824,22.8636,22.8636,7.5514,1.824,1228.6355,1228.6355,739.9941,488.6414,8
2023-05-04,0,bull,122.2904,122.2904,106.7896,101.2672,22.2904,22.2904,6.7896,1.2672,1222.9038,1222.9038,719.9616,502.9422,7
2023-05-05,0,bull,126.5521,126.5521,108.7666,102.4365,26.5521,26.5521,8.7666,2.4365,1265.5211,1265.5211,517.1953,748.3258,10
2023-05-08,0,bull,129.11,129.11,108.7956,102.2277,29.11,29.11,8.7956,2.2277,1291.0997,1291.0997,336.1104,954.9893,13
2023-05-09,0,bull,129.2528,129.2528,108.3184,101.9771,29.2528,29.2528,8.3184,1.9771,1292.5279,1292.5279,336.1104,956.4175,13
2023-05-10,0,bull,129.9482,129.9482,108.8245,102.4365,29.9482,29.9482,8.8245,2.4365,1299.4825,1299.4825,359.8056,939.6769,13
2023-05-11,0,bull,129.2797,129.2797,108.6347,102.1581,29.2797,29.2797,8.6347,2.1581,1292.7973,1292.7973,330.6702,962.1271,14
2023-05-12,0,bull,126.5328,126.5328,108.4924,102.2555,26.5328,26.5328,8.4924,2.2555,1265.3278,1265.3278,362.8832,902.4445,14
2023-05-15,0,bull,130.124,130.124,108.8667,102.2138,30.124,30.124,8.8667,2.2138,1301.2399,1301.2399,344.7191,956.5208,15
2023-05-16,0,bull,128.4159,128.4159,108.1392,101.0862,28.4159,28.4159,8.1392,1.0862,1284.1592,1284.1592,379.4216,904.7376,15
2023-05-17,0,bull,133.2291,133.2291,109.4519,101.4482,33.2291,33.2291,9.4519,1.4482,1332.2914,1332.2914,487.0914,845.2,14
2023-05-18,0,bull,134.7663,134.7663,110.5063,101.657,34.7663,34.7663,10.5063,1.657,1347.6632,1347.6632,503.3045,844.3588,14
2023-05-19,0,bull,132.7193,132.7193,110.3455,101.7962,32.7193,32.7193,10.3455,1.7962,1327.193,1327.193,467.596,859.5971,15
2023-05-22,0,bull,134.1869,134.1869,110.3903,101.5595,34.1869,34.1869,10.3903,1.5595,1341.8686,1341.8686,775.4884,566.3802,11
2023-05-23,0,bull,134.5031,134.5031,109.1514,100.599,34.5031,34.5031,9.1514,0.599,1345.0307,1345.0307,688.4819,656.5488,11
2023-05-24,0,bull,133.3893,133.3893,108.3606,99.8196,33.3893,33.3893,8.3606,-0.1804,1333.8933,1333.8933,682.1176,651.7758,11
2023-05-25,0,bull,135.0214,135.0214,109.299,99.4715,35.0214,35.0214,9.299,-0.5285,1350.2143,1350.2143,750.4502,599.7641,9
2023-05-26,0,bull,136.9708,136.9708,110.7145,99.9031,36.9708,36.9708,10.7145,-0.0969,1369.7082,1369.7082,668.2367,701.4716,10
2023-05-30,0,bull,140.6999,140.6999,110.7567,99.5272,40.6999,40.6999,10.7567,-0.4728,1406.9992,1406.9992,706.9291,700.0701,9
2023-05-31,0,bull,138.8238,138.8238,110.1425,99.4437,38.8238,38.8238,10.1425,-0.5563,1388.2378,1388.2378,617.9038,770.334,10
2023-06-01,0,bull,142.0543,142.0543,111.189,99.7778,42.0543,42.0543,11.189,-0.2222,1420.5428,1420.5428,704.4894,716.0534,9
2023-06-02,0,bull,142.7833,142.7833,112.7969,100.9192,42.7833,42.7833,12.7969,0.9192,1427.8333,1427.8333,704.4894,723.3439,9
2023-06-05,0,bull,142.129,142.129,112.5807,100.7104,42.129,42.129,12.5807,0.7104,1421.2896,1421.2896,765.9617,655.3279,8
2023-06-06,0,bull,142.9594,142.9594,112.8259,100.3346,42.9594,42.9594,12.8259,0.3346,1429.5937,1429.5937,813.7422,615.8515,7
2023-06-07,0,bull,143.8813,143.8813,112.4358,100.4603,43.8813,43.8813,12.4358,0.4603,1438.8129,1438.8129,727.403,711.4099,8
2023-06-08,0,bull,148.9666,148.9666,113.1158,101.0333,48.9666,48.9666,13.1158,1.0333,1489.6662,1489.6662,738.9643,750.702,8
2023-06-09,0,bull,146.4488,146.4488,113.3188,101.0053,46.4488,46.4488,13.3188,1.0053,1464.4877,1464.4877,708.6336,755.8541,9
2023-06-12,0,bull,149.3609,149.3609,114.3468,101.5364,49.3609,49.3609,14.3468,1.5364,1493.6087,1493.6087,920.3447,573.264,7
2023-06-13,0,bull,151.2279,151.2279,115.1007,101.8857,51.2279,51.2279,15.1007,1.8857,1512.2793,1512.2793,685.1315,827.1478,9
2023-06-14,0,bull,151.7214,151.7214,115.2378,101.8857,51.7214,51.7214,15.2378,1.8857,1517.2138,1517.2138,593.7341,923.4797,10
2023-06-15,0,bull,153.6259,153.6259,116.6664,103.2971,53.6259,53.6259,16.6664,3.2971,1536.2593,1536.2593,734.0401,802.2192,9
2023-06-16,0,bull,153.2558,153.2558,116.2691,103.2692,53.2558,53.2558,16.2691,3.2692,1532.5577,1532.5577,842.3101,690.2476,8
2023-06-20,0,bull,152.9176,152.9176,115.6658,102.4866,52.9176,52.9176,15.6658,2.4866,1529.176,1529.176,1109.4237,419.7522,6
2023-06-21,0,bull,152.2564,152.2564,115.0732,102.4586,52.2564,52.2564,15.0732,2.4586,1522.5637,1522.5637,1167.4704,355.0932,6
2023-06-22,0,bull,151.5101,151.5101,115.4886,102.5425,51.5101,51.5101,15.4886,2.5425,1515.1006,1515.1006,1095.7363,419.3643,7
2023-06-23,0,bull,151.5015,151.5015,114.6155,101.746,51.5015,51.5015,14.6155,1.746,1515.0148,1515.0148,1149.5896,365.4252,6
2023-06-26,0,bull,152.0186,152.0186,114.1472,101.9835,52.0186,52.0186,14.1472,1.9835,1520.1858,1520.1858,1149.5896,370.5962,6
2023-06-27,0,bull,154.0872,154.0872,115.3986,102.6403,54.0872,54.0872,15.3986,2.6403,1540.8723,1540.8723,1244.3543,296.5179,5
2023-06-28,0,bull,154.1477,154.1477,115.4568,102.1093,54.1477,54.1477,15.4568,2.1093,1541.4767,1541.4767,1282.8412,258.6355,4
2023-06-29,0,bull,154.151,154.151,115.9119,102.808,54.151,54.151,15.9119,2.808,1541.5102,1541.5102,1353.7151,187.7951,3
2023-06-30,0,bull,154.219,154.219,117.2797,103.87,54.219,54.219,17.2797,3.87,1542.1897,1542.1897,1353.7151,188.4746,3
2023-07-03,0,bull,154.4537,154.4537,117.4146,103.7583,54.4537,54.4537,17.4146,3.7583,1544.5369,1544.5369,1443.3286,101.2083,1
2023-07-05,0,bull,154.7036,154.7036,117.24,103.5906,54.7036,54.7036,17.24,3.5906,1547.0358,1547.0358,1443.3286,103.7072,1
2023-07-06,0,bull,154.2055,154.2055,116.322,103.0456,54.2055,54.2055,16.322,3.0456,1542.0546,1542.0546,1350.7431,191.3115,2
2023-07-07,0,bull,155.1886,155.1886,116.0283,102.4447,55.1886,55.1886,16.0283,2.4447,1551.8861,1551.8861,1165.0751,386.811,4
2023-07-10,0,bull,156.6251,156.6251,116.322,102.8779,56.6251,56.6251,16.322,2.8779,1566.2506,1566.2506,1165.0751,401.1754,4
2023-07-11,0,bull,157.2982,157.2982,117.0628,103.6045,57.2982,57.2982,17.0628,3.6045,1572.982,1572.982,1070.8781,502.1039,5
2023-07-12,0,bull,158.3657,158.3657,118.0046,103.8001,58.3657,58.3657,18.0046,3.8001,1583.6567,1583.6567,1212.2287,371.428,4
2023-07-13,0,bull,159.0616,159.0616,118.9412,103.9259,59.0616,59.0616,18.9412,3.9259,1590.6159,1590.6159,1212.2287,378.3872,4
2023-07-14,0,bull,158.6695,158.6695,118.8672,103.87,58.6695,58.6695,18.8672,3.87,1586.6951,1586.6951,1233.2168,353.4784,4
2023-07-17,0,bull,159.2596,159.2596,119.2799,103.9399,59.2596,59.2596,19.2799,3.9399,1592.5959,1592.5959,1233.2168,359.3791,4
2023-07-18,0,bull,160.9284,160.9284,120.1662,104.2054,60.9284,60.9284,20.1662,4.2054,1609.2844,1609.2844,1246.6961,362.5882,4
2023-07-19,0,bull,164.8162,164.8162,120.4334,104.6945,64.8162,64.8162,20.4334,4.6945,1648.1617,1648.1617,1246.6961,401.4656,4
2023-07-20,0,bull,161.5789,161.5789,119.6344,105.3373,61.5789,61.5789,19.6344,5.3373,1615.7895,1615.7895,1288.7838,327.0057,4
2023-07-21,0,bull,160.9129,160.9129,119.6344,105.9382,60.9129,60.9129,19.6344,5.9382,1609.1288,1609.1288,1321.7338,287.395,4
2023-07-24,0,bull,160.8986,160.8986,120.1689,106.0919,60.8986,60.8986,20.1689,6.0919,1608.9856,1608.9856,1225.0079,383.9777,5
2023-07-25,0,bull,161.0502,161.0502,120.4969,106.2876,61.0502,61.0502,20.4969,6.2876,1610.5015,1610.5015,1233.8355,376.666,5
2023-07-26,0,bull,160.9321,160.9321,120.5154,105.9801,60.9321,60.9321,20.5154,5.9801,1609.3207,1609.3207,1380.8426,228.4781,4
2023-07-27,0,bull,159.9661,159.9661,119.7164,105.1696,59.9661,59.9661,19.7164,5.1696,1599.6613,1599.6613,1488.8874,110.7739,2
2023-07-28,0,bull,160.649,160.649,120.8885,105.3932,60.649,60.649,20.8885,5.3932,1606.4897,1606.4897,1506.6848,99.8049,2
2023-07-31,0,bull,161.1832,161.1832,121.1187,105.3094,61.1832,61.1832,21.1187,5.3094,1611.8315,1611.8315,1351.2752,260.5563,3
2023-08-01,0,bull,160.9164,160.9164,120.7721,105.0718,60.9164,60.9164,20.7721,5.0718,1609.1642,1609.1642,1351.2752,257.889,3
2023-08-02,0,bull,160.1585,160.1585,119.092,104.7923,60.1585,60.1585,19.092,4.7923,1601.5845,1601.5845,1401.7543,199.8303,3
2023-08-03,0,bull,160.2101,160.2101,118.7507,104.4011,60.2101,60.2101,18.7507,4.4011,1602.101,1602.101,1401.7543,200.3468,3
2023-08-04,0,bull,160.2444,160.2444,118.2137,103.8281,60.2444,60.2444,18.2137,3.8281,1602.4438,1602.4438,1421.8282,180.6156,3
2023-08-07,0,bull,160.3434,160.3434,119.2455,104.7504,60.3434,60.3434,19.2455,4.7504,1603.4336,1603.4336,1452.1977,151.2359,3
2023-08-08,0,bull,159.9629,159.9629,118.7269,104.4849,59.9629,59.9629,18.7269,4.4849,1599.6294,1599.6294,1452.1977,147.4317,3
2023-08-09,0,bull,159.0901,159.0901,117.9332,104.6386,59.0901,59.0901,17.9332,4.6386,1590.901,1590.901,1504.4663,86.4347,2
2023-08-10,0,bull,159.1106,159.1106,117.9755,104.5827,59.1106,59.1106,17.9755,4.5827,1591.1055,1591.1055,1504.4663,86.6392,2
2023-08-11,0,bull,158.9686,158.9686,117.9068,104.988,58.9686,58.9686,17.9068,4.988,1589.6863,1589.6863,1517.5097,72.1766,2
2023-08-14,0,bull,158.7775,158.7775,118.5576,105.0998,58.7775,58.7775,18.5576,5.0998,1587.7753,1587.7753,1587.7753,0.0,0
2023-08-15,0,bull,158.7775,158.7775,117.1765,104.2054,58.7775,58.7775,17.1765,4.2054,1587.7753,1587.7753,1587.7753,0.0,0
2023-08-16,0,bull,158.7775,158.7775,116.3167,103.898,58.7775,58.7775,16.3167,3.898,1587.7753,1587.7753,1587.7753,0.0,0
2023-08-17,0,bull,158.7775,158.7775,115.4304,103.2133,58.7775,58.7775,15.4304,3.2133,1587.7753,1587.7753,1587.7753,0.0,0
2023-08-18,0,bull,159.1196,159.1196,115.4859,103.4508,59.1196,59.1196,15.4859,3.4508,1591.1963,1591.1963,1492.5088,98.6875,1
2023-08-21,0,bull,159.4864,159.4864,116.2373,103.4648,59.4864,59.4864,16.2373,3.4648,1594.8644,1594.8644,1429.7427,165.1217,2
2023-08-22,0,bull,159.7771,159.7771,115.9225,103.2412,59.7771,59.7771,15.9225,3.2412,1597.7708,1597.7708,1429.7427,168.028,2
2023-08-23,0,bull,160.8277,160.8277,117.2136,103.9259,60.8277,60.8277,17.2136,3.9259,1608.2773,1608.2773,1429.7427,178.5345,2
2023-08-24,0,bull,159.7025,159.7025,115.5891,103.1713,59.7025,59.7025,15.5891,3.1713,1597.0251,1597.0251,1451.1364,145.8887,2
2023-08-25,0,bull,160.3394,160.3394,116.404,103.87,60.3394,60.3394,16.404,3.87,1603.3944,1603.3944,1292.3949,310.9994,4
2023-08-28,0,bull,161.607,161.607,117.1421,104.2753,61.607,61.607,17.1421,4.2753,1616.0697,1616.0697,1324.5122,291.5576,4
2023-08-29,0,bull,162.6858,162.6858,118.8354,105.0998,62.6858,62.6858,18.8354,5.0998,1626.8576,1626.8576,1324.5122,302.3454,4
2023-08-30,0,bull,163.6449,163.6449,119.3249,105.2395,63.6449,63.6449,19.3249,5.2395,1636.4491,1636.4491,1324.5122,311.937,4
2023-08-31,0,bull,163.7926,163.7926,119.1502,104.6386,63.7926,63.7926,19.1502,4.6386,1637.9256,1637.9256,1324.5122,313.4135,4
2023-09-01,0,bull,164.149,164.149,119.3725,104.8483,64.149,64.149,19.3725,4.8483,1641.4899,1641.4899,1324.5122,316.9777,4
2023-09-05,0,bull,163.5095,163.5095,118.8566,104.1076,63.5095,63.5095,18.8566,4.1076,1635.095,1635.095,1345.8511,289.2438,4
2023-09-06,0,bull,163.4481,163.4481,118.0576,103.7583,63.4481,63.4481,18.0576,3.7583,1634.4808,1634.4808,1345.8511,288.6296,4
2023-09-07,0,bull,162.3499,162.3499,117.6951,104.1216,62.3499,62.3499,17.6951,4.1216,1623.4989,1623.4989,1415.6065,207.8924,3
2023-09-08,0,bull,162.3631,162.3631,117.8723,104.429,62.3631,62.3631,17.8723,4.429,1623.6308,1623.6308,1454.6669,168.9638,3
2023-09-11,0,bull,162.9035,162.9035,118.6476,104.8203,62.9035,62.9035,18.6476,4.8203,1629.0345,1629.0345,1503.1512,125.8834,2
2023-09-12,0,bull,162.8913,162.8913,117.9967,104.3871,62.8913,62.8913,17.9967,4.3871,1628.9127,1628.9127,1516.2855,112.6272,2
2023-09-13,0,bull,162.6183,162.6183,118.1343,104.6107,62.6183,62.6183,18.1343,4.6107,1626.1835,1626.1835,1543.7211,82.4624,2
2023-09-14,0,bull,163.44,163.44,119.1529,105.3932,63.44,63.44,19.1529,5.3932,1634.4001,1634.4001,1634.4001,0.0,0
2023-09-15,0,bull,163.44,163.44,117.7173,104.5827,63.44,63.44,17.7173,4.5827,1634.4001,1634.4001,1634.4001,0.0,0
2023-09-18,0,bull,163.44,163.44,117.7863,104.7225,63.44,63.44,17.7863,4.7225,1634.4001,1634.4001,1634.4001,0.0,0
2023-09-19,0,bull,163.44,163.44,117.5421,104.8203,63.44,63.44,17.5421,4.8203,1634.4001,1634.4001,1634.4001,0.0,0
2023-09-20,0,bull,163.44,163.44,116.4615,104.8762,63.44,63.44,16.4615,4.8762,1634.4001,1634.4001,1634.4001,0.0,0
2023-09-21,0,bull,163.44,163.44,114.5365,103.5906,63.44,63.44,14.5365,3.5906,1634.4001,1634.4001,1634.4001,0.0,0
2023-09-22,0,bull,163.44,163.44,114.279,103.5347,63.44,63.44,14.279,3.5347,1634.4001,1634.4001,1634.4001,0.0,0
2023-09-25,0,bull,163.44,163.44,114.7596,103.6604,63.44,63.44,14.7596,3.6604,1634.4001,1634.4001,1634.4001,0.0,0
2023-09-26,0,bull,163.44,163.44,113.0736,102.42,63.44,63.44,13.0736,2.42,1634.4001,1634.4001,1634.4001,0.0,0
2023-09-27,0,bull,163.44,163.44,113.1187,102.0829,63.44,63.44,13.1187,2.0829,1634.4001,1634.4001,1634.4001,0.0,0
2023-09-28,0,bull,164.1728,164.1728,113.7745,102.2374,64.1728,64.1728,13.7745,2.2374,1641.7283,1641.7283,1536.3362,105.3921,1
2023-09-29,0,bull,164.3619,164.3619,113.4984,101.6755,64.3619,64.3619,13.4984,1.6755,1643.6194,1643.6194,1536.3362,107.2832,1
2023-10-02,0,bull,163.6593,163.6593,113.4533,101.0153,63.6593,63.6593,13.4533,1.0153,1636.593,1636.593,1569.3876,67.2054,1
2023-10-03,0,bull,163.2215,163.2215,111.9346,100.3832,63.2215,63.2215,11.9346,0.3832,1632.2149,1632.2149,1471.2992,160.9156,2
2023-10-04,0,bull,163.2857,163.2857,112.7497,101.0153,63.2857,63.2857,12.7497,1.0153,1632.8565,1632.8565,1177.4448,455.4117,5
2023-10-05,0,bull,163.7981,163.7981,112.7072,100.8186,63.7981,63.7981,12.7072,0.8186,1637.9815,1637.9815,1177.4448,460.5367,5
2023-10-06,0,bull,164.8625,164.8625,114.0454,101.4788,64.8625,64.8625,14.0454,1.4788,1648.6254,1648.6254,1208.7131,439.9123,5
2023-10-09,0,bull,165.9032,165.9032,114.7755,102.3077,65.9032,65.9032,14.7755,2.3077,1659.032,1659.032,1230.6429,428.3892,5
2023-10-10,0,bull,166.8764,166.8764,115.3729,102.7291,66.8764,66.8764,15.3729,2.7291,1668.7639,1668.7639,1230.6429,438.121,5
2023-10-11,0,bull,166.3875,166.3875,115.8455,102.9117,66.3875,66.3875,15.8455,2.9117,1663.8749,1663.8749,1230.6429,433.2321,5
2023-10-12,0,bull,165.1404,165.1404,115.1392,102.1812,65.1404,65.1404,15.1392,2.1812,1651.4039,1651.4039,1302.0811,349.3228,4
2023-10-13,0,bull,164.2199,164.2199,114.5658,102.4622,64.2199,64.2199,14.5658,2.4622,1642.199,1642.199,1258.2499,383.9491,5
2023-10-16,0,bull,164.6554,164.6554,115.7711,103.4034,64.6554,64.6554,15.7711,3.4034,1646.5536,1646.5536,1291.2508,355.3028,5
2023-10-17,0,bull,165.3249,165.3249,115.7658,103.3893,65.3249,65.3249,15.7658,3.3893,1653.2494,1653.2494,1291.2508,361.9986,5
2023-10-18,0,bull,163.9089,163.9089,114.2232,102.6167,63.9089,63.9089,14.2232,2.6167,1639.0886,1639.0886,1335.2189,303.8696,5
2023-10-19,0,bull,163.182,163.182,113.2196,101.521,63.182,63.182,13.2196,1.521,1631.8197,1631.8197,1370.7813,261.0384,5
2023-10-20,0,bull,162.5225,162.5225,111.8284,100.7343,62.5225,62.5225,11.8284,0.7343,1625.2252,1625.2252,1384.6025,240.6228,5
2023-10-23,0,bull,162.965,162.965,111.6346,100.1724,62.965,62.965,11.6346,0.1724,1629.65,1629.65,1352.7738,276.8763,5
2023-10-24,0,bull,163.7604,163.7604,112.4762,100.931,63.7604,63.7604,12.4762,0.931,1637.6036,1637.6036,1492.9485,144.6551,2
2023-10-25,0,bull,162.058,162.058,110.8619,100.7063,62.058,62.058,10.8619,0.7063,1620.5801,1620.5801,1368.2118,252.3683,3
2023-10-26,0,bull,160.5676,160.5676,109.5344,100.327,60.5676,60.5676,9.5344,0.327,1605.6761,1605.6761,1358.9339,246.7422,3
2023-10-27,0,bull,159.7444,159.7444,109.0379,99.1189,59.7444,59.7444,9.0379,-0.8811,1597.444,1597.444,1195.7802,401.6637,5
2023-10-30,0,bull,159.4253,159.4253,110.3416,100.0741,59.4253,59.4253,10.3416,0.0741,1594.253,1594.253,1190.3045,403.9486,6
2023-10-31,0,bull,159.8373,159.8373,111.0345,100.7905,59.8373,59.8373,11.0345,0.7905,1598.3732,1598.3732,1094.2874,504.0858,7
2023-11-01,0,bull,160.4975,160.4975,112.2187,101.4226,60.4975,60.4975,12.2187,1.4226,1604.9752,1604.9752,1183.4745,421.5007,6
2023-11-02,0,bull,163.3781,163.3781,114.3693,102.7993,63.3781,63.3781,14.3693,2.7993,1633.7806,1633.7806,1020.5026,613.278,8
2023-11-03,0,bull,166.5051,166.5051,115.4127,103.5579,66.5051,66.5051,15.4127,3.5579,1665.0514,1665.0514,1020.5026,644.5488,8
2023-11-06,0,bull,166.0506,166.0506,115.6782,103.7265,66.0506,66.0506,15.6782,3.7265,1660.5063,1660.5063,1052.9269,607.5794,8
2023-11-07,0,bull,167.1554,167.1554,116.0074,103.6562,67.1554,67.1554,16.0074,3.6562,1671.5537,1671.5537,952.8231,718.7306,9
2023-11-08,0,bull,166.31,166.31,116.0924,103.7686,66.31,66.31,16.0924,3.7686,1663.1,1663.1,952.8231,710.277,9
2023-11-09,0,bull,164.3681,164.3681,115.187,102.9538,64.3681,64.3681,15.187,2.9538,1643.6806,1643.6806,1040.7469,602.9337,9
2023-11-10,0,bull,165.2338,165.2338,116.9845,103.8388,65.2338,65.2338,16.9845,3.8388,1652.3376,1652.3376,1040.7469,611.5907,9
2023-11-13,0,bull,165.1384,165.1384,116.873,103.8669,65.1384,65.1384,16.873,3.8669,1651.3836,1651.3836,1149.9741,501.4095,8
2023-11-14,0,bull,168.5404,168.5404,119.1404,105.0469,68.5404,68.5404,19.1404,5.0469,1685.404,1685.404,1223.4734,461.9306,7
2023-11-15,0,bull,169.331,169.331,119.3926,104.9626,69.331,69.331,19.3926,4.9626,1693.3101,1693.3101,1223.4734,469.8366,7
2023-11-16,0,bull,168.588,168.588,119.5387,104.9626,68.588,68.588,19.5387,4.9626,1685.8799,1685.8799,1408.2071,277.6728,5
2023-11-17,0,bull,169.3303,169.3303,119.6874,105.0048,69.3303,69.3303,19.6874,5.0048,1693.303,1693.303,1229.8948,463.4082,7
2023-11-20,0,bull,170.7719,170.7719,120.6087,105.37,70.7719,70.7719,20.6087,5.37,1707.7187,1707.7187,1349.0393,358.6794,5
2023-11-21,0,bull,170.3741,170.3741,120.3458,105.6931,70.3741,70.3741,20.3458,5.6931,1703.7415,1703.7415,1364.9101,338.8313,5
2023-11-22,0,bull,170.578,170.578,120.8104,106.4236,70.578,70.578,20.8104,6.4236,1705.7802,1705.7802,1445.2453,260.5349,3
2023-11-24,0,bull,170.8614,170.8614,120.8848,106.7045,70.8614,70.8614,20.8848,6.7045,1708.6138,1708.6138,1342.7567,365.8571,4
2023-11-27,0,bull,170.6338,170.6338,120.6671,106.4095,70.6338,70.6338,20.6671,6.4095,1706.3384,1706.3384,1422.9701,283.3683,3
2023-11-28,0,bull,170.4421,170.4421,120.7866,106.2971,70.4421,70.4421,20.7866,6.2971,1704.421,1704.421,1422.9701,281.4509,3
2023-11-29,0,bull,171.0749,171.0749,120.7016,106.1847,71.0749,71.0749,20.7016,6.1847,1710.7494,1710.7494,1422.9701,287.7793,3
2023-11-30,0,bull,170.5672,170.5672,121.1768,107.2524,70.5672,70.5672,21.1768,7.2524,1705.6722,1705.6722,1456.3383,249.3339,3
2023-12-01,0,bull,173.0965,173.0965,121.8937,107.9969,73.0965,73.0965,21.8937,7.9969,1730.9653,1730.9653,1456.3383,274.627,3
2023-12-04,0,bull,174.3384,174.3384,121.2539,107.9407,74.3384,74.3384,21.2539,7.9407,1743.3836,1743.3836,1456.3383,287.0452,3
2023-12-05,0,bull,173.368,173.368,121.23,107.5754,73.368,73.368,21.23,7.5754,1733.6795,1733.6795,1456.3383,277.3412,3
2023-12-06,0,bull,172.8699,172.8699,120.7414,107.4631,72.8699,72.8699,20.7414,7.4631,1728.699,1728.699,1456.3383,272.3607,3
2023-12-07,0,bull,172.7419,172.7419,121.6627,107.5473,72.7419,72.7419,21.6627,7.5473,1727.4195,1727.4195,1644.1842,83.2352,1
2023-12-08,0,bull,173.2602,173.2602,122.1858,107.5052,73.2602,73.2602,22.1858,7.5052,1732.6024,1732.6024,1644.1842,88.4182,1
2023-12-11,0,bull,173.1658,173.1658,122.661,108.6009,73.1658,73.1658,22.661,8.6009,1731.6581,1731.6581,1644.1842,87.4739,1
2023-12-12,0,bull,172.694,172.694,123.2212,109.0645,72.694,72.694,23.2212,9.0645,1726.9401,1726.9401,1540.3284,186.6117,2
2023-12-13,0,bull,174.3337,174.3337,124.9205,110.4552,74.3337,74.3337,24.9205,10.4552,1743.3371,1743.3371,1540.3284,203.0088,2
2023-12-14,0,bull,176.328,176.328,125.3214,109.3454,76.328,76.328,25.3214,9.3454,1763.2796,1763.2796,1651.3322,111.9474,1
2023-12-15,0,bull,176.0013,176.0013,125.1151,108.6852,76.0013,76.0013,25.1151,8.6852,1760.0135,1760.0135,1651.3322,108.6812,1
2023-12-18,0,bull,176.0013,176.0013,125.8188,109.3314,76.0013,76.0013,25.8188,9.3314,1760.0135,1760.0135,1651.3322,108.6812,1
2023-12-19,0,bull,176.5321,176.5321,126.5839,109.5421,76.5321,76.5321,26.5839,9.5421,1765.3209,1765.3209,1651.3322,113.9887,1
2023-12-20,0,bull,176.2953,176.2953,124.8298,108.0448,76.2953,76.2953,24.8298,8.0448,1762.953,1762.953,1651.3322,111.6207,1
2023-12-21,0,bull,176.6137,176.6137,126.0134,108.85,76.6137,76.6137,26.0134,8.85,1766.1375,1766.1375,1651.3322,114.8052,1
2023-12-22,0,bull,176.7689,176.7689,126.2667,109.3584,76.7689,76.7689,26.2667,9.3584,1767.6889,1767.6889,1651.3322,116.3567,1
2023-12-26,0,bull,177.1853,177.1853,126.7998,109.6269,77.1853,77.1853,26.7998,9.6269,1771.8533,1771.8533,1651.3322,120.521,1
2023-12-27,0,bull,177.4466,177.4466,127.0291,109.8246,77.4466,77.4466,27.0291,9.8246,1774.4662,1774.4662,1651.3322,123.1339,1
2023-12-28,0,bull,178.2632,178.2632,127.0771,110.0082,78.2632,78.2632,27.0771,10.0082,1782.6315,1782.6315,1651.3322,131.2993,1
2023-12-29,0,bull,178.6633,178.6633,126.7092,110.2201,78.6633,78.6633,26.7092,10.2201,1786.6326,1786.6326,1651.3322,135.3003,1
2024-01-02,0,bull,178.6633,178.6633,126.0001,110.6439,78.6633,78.6633,26.0001,10.6439,1786.6326,1786.6326,1651.3322,128.2781,1
2024-01-03,0,bull,177.9081,177.9081,124.9711,110.3896,77.9081,77.9081,24.9711,10.3896,1779.0808,1779.0808,1231.3341,532.6995,7
2024-01-04,0,bull,177.8997,177.8997,124.5685,110.1777,77.8997,77.8997,24.5685,10.1777,1778.9973,1778.9973,1163.7165,593.5748,9
2024-01-05,0,bull,177.4784,177.4784,124.7392,109.98,77.4784,77.4784,24.7392,9.98,1774.7842,1774.7842,1183.9846,563.9263,9
2024-01-08,0,bull,180.0938,180.0938,126.5199,110.8275,80.0938,80.0938,26.5199,10.8275,1800.9383,1800.9383,1242.1988,521.4124,9
2024-01-09,0,bull,179.1491,179.1491,126.328,110.6156,79.1491,79.1491,26.328,10.6156,1791.4912,1791.4912,1242.1988,515.2266,9
2024-01-10,0,bull,180.8958,180.8958,127.0424,110.8981,80.8958,80.8958,27.0424,10.8981,1808.9579,1808.9579,1242.1988,557.5827,9
2024-01-11,0,bull,178.6249,178.6249,126.9865,110.7851,78.6249,78.6249,26.9865,10.7851,1786.2492,1786.2492,1260.9356,521.4813,9
2024-01-12,0,bull,176.8771,176.8771,127.0744,111.3219,76.8771,76.8771,27.0744,11.3219,1768.7706,1768.7706,1369.4497,403.021,7
2024-01-16,0,bull,176.6002,176.6002,126.6079,110.997,76.6002,76.6002,26.6079,10.997,1766.0017,1766.0017,1381.7419,400.5288,7
2024-01-17,0,bull,176.1577,176.1577,125.9041,110.7569,76.1577,76.1577,25.9041,10.7569,1761.577,1761.577,1382.1834,398.0191,6
2024-01-18,0,bull,175.0817,175.0817,127.0238,111.3078,75.0817,75.0817,27.0238,11.3078,1750.8165,1750.8165,1404.3582,367.5352,6
2024-01-19,0,bull,177.3418,177.3418,128.6073,112.127,77.3418,77.3418,28.6073,12.127,1773.4178,1773.4178,1454.786,314.7333,6
2024-01-22,0,bull,178.0048,178.0048,128.8792,112.3248,78.0048,78.0048,28.8792,12.3248,1780.0477,1780.0477,1454.786,311.8302,6
2024-01-23,0,bull,178.0871,178.0871,129.2551,112.805,78.0871,78.0871,29.2551,12.805,1780.8712,1780.8712,1495.5254,275.961,4
2024-01-24,0,bull,176.4155,176.4155,129.3964,112.3107,76.4155,76.4155,29.3964,12.3107,1764.1548,1764.1548,1461.0959,297.8497,4
2024-01-25,0,bull,176.1059,176.1059,130.1001,112.8898,76.1059,76.1059,30.1001,12.8898,1761.0592,1761.0592,1501.363,249.7258,4
2024-01-26,0,bull,176.0384,176.0384,129.9349,112.9746,76.0384,76.0384,29.9349,12.9746,1760.3845,1760.3845,1336.6075,413.1239,6
2024-01-29,0,bull,177.6804,177.6804,130.9639,113.2995,77.6804,77.6804,30.9639,13.2995,1776.8038,1776.8038,1355.7548,402.7584,6
2024-01-30,0,bull,177.2337,177.2337,130.8626,113.6808,77.2337,77.2337,30.8626,13.6808,1772.3366,1772.3366,1355.7548,399.0332,6
2024-01-31,0,bull,176.8665,176.8665,128.7273,112.6073,76.8665,76.8665,28.7273,12.6073,1768.6652,1768.6652,1336.129,414.4811,7
2024-02-01,0,bull,177.0329,177.0329,130.4121,113.8927,77.0329,77.0329,30.4121,13.8927,1770.3291,1770.3291,1336.129,415.9024,7
2024-02-02,0,bull,178.7042,178.7042,131.7849,113.4972,78.7042,78.7042,31.7849,13.4972,1787.0417,1787.0417,1110.0016,651.0574,11
2024-02-05,0,bull,175.4304,175.4304,131.3051,112.8192,75.4304,75.4304,31.3051,12.8192,1754.3037,1754.3037,1105.0535,635.2319,12
2024-02-06,0,bull,180.1652,180.1652,131.6863,113.0452,80.1652,80.1652,31.6863,13.0452,1801.6523,1801.6523,1064.0814,704.2571,13
2024-02-07,0,bull,181.184,181.184,132.7846,113.5396,81.184,81.184,32.7846,13.5396,1811.8403,1811.8403,1083.1052,690.5274,13
2024-02-08,0,bull,182.2027,182.2027,132.8433,113.3701,82.2027,82.2027,32.8433,13.3701,1822.0272,1822.0272,1033.9564,747.5009,14
2024-02-09,0,bull,183.6264,183.6264,133.611,113.4972,83.6264,83.6264,33.611,13.4972,1836.2635,1836.2635,1042.1559,747.3513,14
2024-02-12,0,bull,186.8995,186.8995,133.5524,113.4124,86.8995,86.8995,33.5524,13.4124,1868.9952,1868.9952,1030.2697,773.3118,14
2024-02-13,0,bull,182.0276,182.0276,131.713,112.5649,82.0276,82.0276,31.713,12.5649,1820.2757,1820.2757,1083.7161,688.9221,14
2024-02-14,0,bull,186.47,186.47,132.9099,113.1299,86.47,86.47,32.9099,13.1299,1864.6997,1864.6997,1046.0619,752.3392,13
2024-02-15,0,bull,191.7039,191.7039,133.827,113.921,91.7039,91.7039,33.827,13.921,1917.0386,1917.0386,1062.3348,766.2592,12
2024-02-16,0,bull,193.4669,193.4669,133.1605,113.6526,93.4669,93.4669,33.1605,13.6526,1934.6693,1934.6693,952.3886,894.2389,14
2024-02-20,0,bull,189.8911,189.8911,132.4274,113.5961,89.8911,89.8911,32.4274,13.5961,1898.9108,1898.9108,1126.9679,699.7268,13
2024-02-21,0,bull,187.3008,187.3008,132.5474,113.9492,87.3008,87.3008,32.5474,13.9492,1873.0081,1873.0081,1142.8634,667.1286,13
2024-02-22,0,bull,189.8098,189.8098,135.2905,115.1216,89.8098,89.8098,35.2905,15.1216,1898.0984,1898.0984,1196.4372,626.0467,10
2024-02-23,0,bull,192.94,192.94,135.3838,115.5312,92.94,92.94,35.3838,15.5312,1929.4,1929.4,1254.9568,579.7394,9
2024-02-26,0,bull,195.4706,195.4706,134.888,114.9945,95.4706,95.4706,34.888,14.9945,1954.7056,1954.7056,1351.9715,492.561,7
2024-02-27,0,bull,199.2096,199.2096,135.1385,115.0369,99.2096,99.2096,35.1385,15.0369,1992.0961,1992.0961,1366.2856,506.687,7
2024-02-28,0,bull,197.4537,197.4537,134.9599,115.1216,97.4537,97.4537,34.9599,15.1216,1974.5372,1974.5372,1341.6105,522.9222,7
2024-02-29,0,bull,197.7298,197.7298,135.4451,114.9662,97.7298,97.7298,35.4451,14.9662,1977.2976,1977.2976,1296.5185,568.5794,8
2024-03-01,0,bull,200.9044,200.9044,136.7167,115.5312,100.9044,100.9044,36.7167,15.5312,2009.0438,2009.0438,1161.6566,722.1082,10
2024-03-04,0,bull,200.5675,200.5675,136.5701,115.6725,100.5675,100.5675,36.5701,15.6725,2005.6753,2005.6753,1244.5276,635.9637,9
2024-03-05,0,bull,198.1188,198.1188,135.2052,114.938,98.1188,98.1188,35.2052,14.938,1981.1876,1981.1876,1072.6331,793.7439,12
2024-03-06,0,bull,201.73,201.73,135.8903,115.7431,101.73,101.73,35.8903,15.7431,2017.2999,2017.2999,937.2169,953.9453,13
2024-03-07,0,bull,204.1345,204.1345,137.2392,116.1669,104.1345,104.1345,37.2392,16.1669,2041.345,2041.345,941.632,965.9279,13
2024-03-08,0,bull,205.4178,205.4178,136.4155,116.0115,105.4178,105.4178,36.4155,16.0115,2054.1783,2054.1783,872.4777,1041.122,14
2024-03-11,0,bull,205.376,205.376,136.2982,116.4211,105.376,105.376,36.2982,16.4211,2053.7605,2053.7605,972.0778,953.2912,14
2024-03-12,0,bull,206.0396,206.0396,137.7644,116.9014,106.0396,106.0396,37.7644,16.9014,2060.3957,2060.3957,949.5959,979.4053,14
2024-03-13,0,bull,206.3078,206.3078,137.5484,116.746,106.3078,106.3078,37.5484,16.746,2063.0779,2063.0779,1038.7086,893.5902,13
2024-03-14,0,bull,200.7928,200.7928,137.2765,116.3364,100.7928,100.7928,37.2765,16.3364,2007.9283,2007.9283,1161.1241,729.4468,12
2024-03-15,0,bull,199.7972,199.7972,136.3339,116.0963,99.7972,99.7972,36.3339,16.0963,1997.9719,1997.9719,1206.9134,673.5122,12
2024-03-18,0,bull,199.645,199.645,137.1442,116.3646,99.645,99.645,37.1442,16.3646,1996.4502,1996.4502,1342.7384,529.7316,10
2024-03-19,0,bull,198.4901,198.4901,137.9063,117.0709,98.4901,98.4901,37.9063,17.0709,1984.9014,1984.9014,1357.8677,508.3833,9
2024-03-20,0,bull,200.6619,200.6619,139.1818,117.3817,100.6619,100.6619,39.1818,17.3817,2006.6189,2006.6189,1401.9507,485.5194,8
2024-03-21,0,bull,201.8362,201.8362,139.6418,117.6087,101.8362,101.8362,39.6418,17.6087,2018.3623,2018.3623,1452.5364,443.9563,7
2024-03-22,0,bull,201.0725,201.0725,139.3771,117.3107,101.0725,101.0725,39.3771,17.3107,2010.7251,2010.7251,1271.9019,617.7848,10
2024-03-25,0,bull,203.0669,203.0669,138.992,116.9419,103.0669,103.0669,38.992,16.9419,2030.6689,2030.6689,1306.4841,592.8957,9
2024-03-26,0,bull,202.175,202.175,138.7353,116.9277,102.175,102.175,38.7353,16.9277,2021.7497,2021.7497,1268.5535,620.1183,10
2024-03-27,0,bull,204.089,204.089,139.9012,118.2896,104.089,104.089,39.9012,18.2896,2040.8897,2040.8897,1231.2171,676.8229,9
2024-03-28,0,bull,204.9157,204.9157,139.8745,118.5734,104.9157,104.9157,39.8745,18.5734,2049.1568,2049.1568,1260.74,653.8869,8
2024-04-01,0,bull,203.4437,203.4437,139.6311,118.1477,103.4437,103.4437,39.6311,18.1477,2034.437,2034.437,1378.2299,526.4435,7
2024-04-02,0,bull,201.2888,201.2888,138.7433,117.5377,101.2888,101.2888,38.7433,17.5377,2012.8878,2012.8878,1354.6332,529.8134,8
2024-04-03,0,bull,203.2225,203.2225,138.8957,117.2682,103.2225,103.2225,38.8957,17.2682,2032.225,2032.225,1354.6332,545.1277,8
2024-04-04,0,bull,201.0706,201.0706,137.2003,116.2467,101.0706,101.0706,37.2003,16.2467,2010.7062,2010.7062,1398.621,488.4422,8
2024-04-05,0,bull,200.5803,200.5803,138.6336,116.8142,100.5803,100.5803,38.6336,16.8142,2005.8032,2005.8032,1413.6989,468.9053,8
2024-04-08,0,bull,201.982,201.982,138.7112,116.7433,101.982,101.982,38.7112,16.7433,2019.8202,2019.8202,1308.5501,584.6759,9
2024-04-09,0,bull,201.7429,201.7429,138.8716,116.7716,101.7429,101.7429,38.8716,16.7716,2017.4292,2017.4292,1337.3121,554.7389,9
2024-04-10,0,bull,199.4788,199.4788,137.4811,115.6367,99.4788,99.4788,37.4811,15.6367,1994.788,1994.788,1410.4353,467.0652,8
2024-04-11,0,bull,201.86,201.86,138.5187,115.3955,101.86,101.86,38.5187,15.3955,2018.6005,2018.6005,1438.6116,460.5457,7
2024-04-12,1,bear,198.9128,199.74,136.6067,114.1471,98.9128,99.74,36.6067,14.1471,1989.1281,1997.3996,1516.8658,368.3837,6
2024-04-15,1,bear,197.78,199.0818,134.8952,113.4661,97.78,99.0818,34.8952,13.4661,1977.7998,1990.8179,1570.4285,310.8921,5
2024-04-16,1,bear,196.9356,198.2942,134.6492,113.381,96.9356,98.2942,34.6492,13.381,1969.3556,1982.9415,1603.0311,271.5131,5
2024-04-17,1,bear,197.4837,198.8461,133.8524,113.381,97.4837,98.8461,33.8524,13.381,1974.837,1988.4607,1617.801,260.8939,5
2024-04-18,1,bear,197.6219,198.8995,133.5769,113.4945,97.6219,98.8995,33.5769,13.4945,1976.2194,1988.9955,1644.6101,238.875,4
2024-04-19,1,bear,199.3783,200.1246,132.411,114.2038,99.3783,100.1246,32.411,14.2038,1993.7831,2001.2455,1658.8396,231.4204,4
2024-04-22,1,bear,199.8507,200.1952,133.6304,114.7287,99.8507,100.1952,33.6304,14.7287,1998.5074,2001.9515,1658.8396,235.9799,4
2024-04-23,1,bear,200.7116,200.7324,135.2161,115.1543,100.7116,100.7324,35.2161,15.1543,2007.1159,2007.324,1658.8396,240.9466,4
2024-04-24,1,bear,200.7787,200.6052,135.152,115.4097,100.7787,100.6052,35.152,15.4097,2007.7873,2006.0519,1658.8396,244.9705,4
2024-04-25,1,bear,200.1851,200.1517,134.6385,115.2253,100.1851,100.1517,34.6385,15.2253,2001.8509,2001.5174,1668.8075,233.6078,4
2024-04-26,1,bear,199.4997,199.7799,135.9141,114.8139,99.4997,99.7799,35.9141,14.8139,1994.9966,1997.7987,1668.8075,231.363,4
2024-04-29,1,bear,200.1887,200.0905,136.3954,115.3104,100.1887,100.0905,36.3954,15.3104,2001.8874,2000.9051,1688.7037,213.2055,3
2024-04-30,0,bull,198.078,198.8879,134.2347,114.1329,98.078,98.8879,34.2347,14.1329,1980.7797,1988.8789,1533.7484,361.348,5
2024-05-01,0,bull,198.7391,199.5517,133.7989,113.9768,98.7391,99.5517,33.7989,13.9768,1987.391,1995.5172,1434.1631,465.7103,6
2024-05-02,0,bull,203.637,204.4696,135.0503,114.4024,103.637,104.4696,35.0503,14.4024,2036.3696,2044.6961,1095.637,838.8663,11
2024-05-03,0,bull,203.6398,204.4725,136.7243,115.0692,103.6398,104.4725,36.7243,15.0692,2036.398,2044.7246,1117.9222,820.3532,11
2024-05-06,0,bull,207.2781,208.1256,138.1363,115.7644,107.2781,108.1256,38.1363,15.7644,2072.7809,2081.2563,1117.9222,841.6986,11
2024-05-07,0,bull,205.8624,206.7041,138.2887,116.5021,105.8624,106.7041,38.2887,16.5021,2058.6239,2067.0414,1163.2642,786.6856,11
2024-05-08,0,bull,205.6703,206.5112,138.3021,116.5305,105.6703,106.5112,38.3021,16.5305,2056.7026,2065.1123,1115.0943,818.2615,12
2024-05-09,0,bull,204.8933,205.7311,139.0989,117.2114,104.8933,105.7311,39.0989,17.2114,2048.9332,2057.3111,1175.9102,754.3857,12
2024-05-10,0,bull,202.8621,203.6916,139.2781,117.6229,102.8621,103.6916,39.2781,17.6229,2028.6208,2036.9156,1076.5947,839.836,14
2024-05-13,0,bull,203.7426,204.5757,139.2968,117.6229,103.7426,104.5757,39.2968,17.6229,2037.4262,2045.757,1007.9928,917.9591,14
2024-05-14,0,bull,206.7184,207.5636,139.9359,117.7363,106.7184,107.5636,39.9359,17.7363,2067.1836,2075.6361,1066.2369,883.6242,14
2024-05-15,0,bull,208.6204,209.4735,141.6688,118.5308,108.6204,109.4735,41.6688,18.5308,2086.2043,2094.7346,1104.5976,861.6689,14
2024-05-16,0,bull,207.409,208.2571,141.3773,118.999,107.409,108.2571,41.3773,18.999,2074.09,2082.5707,1139.3267,817.3553,14
2024-05-17,0,bull,208.33,209.1819,141.5805,119.2685,108.33,109.1819,41.5805,19.2685,2083.3004,2091.8188,1091.2488,874.5289,15
2024-05-20,0,bull,211.0361,211.899,141.7436,119.0841,111.0361,111.899,41.7436,19.0841,2110.3611,2118.9901,1174.7965,814.763,13
2024-05-21,0,bull,209.2447,210.1003,142.0913,119.0131,109.2447,110.1003,42.0913,19.0131,2092.4475,2101.0033,1113.9911,860.6834,13
2024-05-22,0,bull,209.3231,210.179,141.6821,118.9422,109.3231,110.179,41.6821,18.9422,2093.231,2101.79,1276.46,700.2879,9
2024-05-23,0,bull,206.5158,207.3602,140.6472,117.5803,106.5158,107.3602,40.6472,17.5803,2065.1578,2073.602,1158.9695,801.5113,11
2024-05-24,0,bull,210.1369,210.9962,141.5779,117.7789,110.1369,110.9962,41.5779,17.7789,2101.3693,2109.9615,1102.6891,880.5922,12
2024-05-28,0,bull,210.4389,211.2993,141.6768,116.6582,110.4389,111.2993,41.6768,16.6582,2104.3888,2112.9934,1219.5381,765.1952,11
2024-05-29,0,bull,208.923,209.7773,140.6847,115.6651,108.923,109.7773,40.6847,15.6651,2089.2302,2097.7728,1234.4004,738.8742,11
2024-05-30,0,bull,209.5909,210.4479,139.7514,115.8637,109.5909,110.4479,39.7514,15.8637,2095.9094,2104.4794,1328.2774,652.0171,9
2024-05-31,0,bull,208.2397,209.0911,141.0243,117.4668,108.2397,109.0911,41.0243,17.4668,2082.3967,2090.9114,1344.5022,633.9139,9
2024-06-03,0,bull,209.0136,209.8682,141.1393,117.1547,109.0136,109.8682,41.1393,17.1547,2090.1361,2098.6825,1217.685,764.999,12
2024-06-04,0,bull,207.7449,208.5943,141.2971,117.7222,107.7449,108.5943,41.2971,17.7222,2077.4485,2085.943,1232.2742,744.5042,12
2024-06-05,0,bull,210.4202,211.2805,142.9764,118.0059,110.4202,111.2805,42.9764,18.0059,2104.2016,2112.8054,1287.6945,708.2018,12
2024-06-06,0,bull,210.3837,211.2439,142.9737,118.091,110.3837,111.2439,42.9737,18.091,2103.8366,2112.439,1354.8314,636.4504,11
2024-06-07,0,bull,208.5776,209.4305,142.7999,117.8782,108.5776,109.4305,42.7999,17.8782,2085.7763,2094.3048,1389.818,587.3129,11
2024-06-10,0,bull,209.2874,210.1432,143.2411,118.1477,109.2874,110.1432,43.2411,18.1477,2092.874,2101.4315,1481.8102,491.3076,8
2024-06-11,0,bull,208.4057,209.2578,143.5861,118.0495,108.4057,109.2578,43.5861,18.0495,2084.057,2092.5785,1293.7777,674.6299,10
2024-06-12,0,bull,209.7021,210.5595,144.7654,117.9214,109.7021,110.5595,44.7654,17.9214,2097.0205,2105.595,1371.4538,610.9349,8
2024-06-13,0,bull,207.7264,208.5758,145.0569,117.9071,107.7264,108.5758,45.0569,17.9071,2077.2638,2085.7575,1502.3258,465.2035,6
2024-06-14,0,bull,206.4052,207.2491,145.1451,117.9926,106.4052,107.2491,45.1451,17.9926,2064.0518,2072.4914,1471.554,482.1812,7
2024-06-17,0,bull,205.729,206.5702,146.3003,118.918,105.729,106.5702,46.3003,18.918,2057.2897,2065.7018,1348.3346,602.6618,9
2024-06-18,0,bull,206.4305,207.2745,146.672,119.1459,106.4305,107.2745,46.672,19.1459,2064.3047,2072.7454,1278.8817,671.7294,10
2024-06-20,0,bull,206.8572,207.703,146.2736,119.8008,106.8572,107.703,46.2736,19.8008,2068.5715,2077.0297,1292.987,661.4102,11
2024-06-21,0,bull,206.5739,207.4185,146.0775,119.7866,106.5739,107.4185,46.0775,19.7866,2065.7387,2074.1853,1262.9599,689.7636,12
2024-06-24,0,bull,205.3731,206.2129,145.6026,120.4985,105.3731,106.2129,45.6026,20.4985,2053.7313,2062.1288,1290.6019,658.1497,11
2024-06-25,0,bull,206.8943,207.7402,146.1633,119.9147,106.8943,107.7402,46.1633,19.9147,2068.9427,2077.4023,1220.8144,733.3832,12
2024-06-26,0,bull,205.4492,206.2892,146.3457,119.4164,105.4492,106.2892,46.3457,19.4164,2054.4915,2062.8921,1316.2483,633.2571,12
2024-06-27,0,bull,207.6325,208.4815,146.5765,119.6727,107.6325,108.4815,46.5765,19.6727,2076.3255,2084.8154,1316.2483,647.1609,12
2024-06-28,0,bull,206.3649,207.2087,145.9997,119.5445,106.3649,107.2087,45.9997,19.5445,2063.6493,2072.0873,1268.8391,687.691,13
2024-07-01,0,bull,205.9146,206.7565,146.3001,119.2598,105.9146,106.7565,46.3001,19.2598,2059.1457,2067.5653,1205.0101,748.1725,14
2024-07-02,0,bull,206.3166,207.1602,147.2847,119.6299,106.3166,107.1602,47.2847,19.6299,2063.1657,2071.6017,1221.395,737.4763,14
2024-07-03,0,bull,208.6503,209.5034,147.942,119.4164,108.6503,109.5034,47.942,19.4164,2086.5027,2095.0342,1281.9134,692.1963,14
2024-07-05,0,bull,208.3943,209.2464,148.795,119.7723,108.3943,109.2464,48.795,19.7723,2083.9433,2092.4643,1328.5042,645.3103,13
2024-07-08,0,bull,208.348,209.1999,148.9668,119.8578,108.348,109.1999,48.9668,19.8578,2083.4802,2091.9993,1476.1065,497.6111,9
2024-07-09,0,bull,208.424,209.2763,149.1116,119.6157,108.424,109.2763,49.1116,19.6157,2084.2404,2092.7626,1476.1065,491.506,9
2024-07-10,0,bull,209.4291,210.2854,150.5872,120.5554,109.4291,110.2854,50.5872,20.5554,2094.2909,2102.8542,1476.8975,497.0982,9
2024-07-11,0,bull,208.5167,209.3693,149.2887,121.0538,108.5167,109.3693,49.2887,21.0538,2085.167,2093.6931,1466.1519,511.6981,9
2024-07-12,0,bull,209.497,210.3536,150.2303,121.965,109.497,110.3536,50.2303,21.965,2094.9701,2103.5361,1417.8377,570.9108,10
2024-07-15,0,bull,210.067,210.9259,150.6435,122.1359,110.067,110.9259,50.6435,22.1359,2100.67,2109.2594,1474.9011,519.7454,8
2024-07-16,0,bull,211.3238,212.1878,151.5368,123.3319,111.3238,112.1878,51.5368,23.3319,2113.2376,2121.8784,1332.301,672.1847,10
2024-07-17,0,bull,205.9289,206.7709,149.4121,123.574,105.9289,106.7709,49.4121,23.574,2059.2887,2067.7089,1393.907,580.7492,9
2024-07-18,0,bull,204.6973,205.5343,148.2639,122.8905,104.6973,105.5343,48.2639,22.8905,2046.9733,2055.3431,1485.3279,479.1409,8
2024-07-19,1,bear,205.1329,206.5659,147.2793,121.9508,105.1329,106.5659,47.2793,21.9508,2051.3293,2065.6586,1485.3279,479.7705,8
2024-07-22,1,bear,206.391,207.4772,148.7978,122.5061,106.391,107.4772,48.7978,22.5061,2063.9097,2074.7722,1578.5027,392.8398,6
2024-07-23,1,bear,206.6044,208.0973,148.5644,121.9081,106.6044,108.0973,48.5644,21.9081,2066.0443,2080.9728,1578.5027,399.2499,6
2024-07-24,1,bear,204.12,205.8956,145.1975,121.4667,104.12,105.8956,45.1975,21.4667,2041.2002,2058.9559,1649.8606,312.8743,5
2024-07-25,1,bear,203.8379,205.469,144.441,121.666,103.8379,105.469,44.441,21.666,2038.3788,2054.6899,1680.2197,281.6789,5
2024-07-26,1,bear,205.3999,206.0859,146.0587,122.9902,105.3999,106.0859,46.0587,22.9902,2053.9986,2060.8589,1680.2197,290.4392,5
2024-07-29,1,bear,205.01,205.5829,146.1445,123.1468,105.01,105.5829,46.1445,23.1468,2050.1002,2055.8287,1690.3431,271.9479,5
2024-07-30,1,bear,204.9695,205.2555,145.4041,123.5455,104.9695,105.2555,45.4041,23.5455,2049.6946,2052.5553,1700.5812,259.9593,5
2024-07-31,1,bear,205.7496,205.7598,147.7676,123.9299,105.7496,105.7598,47.7676,23.9299,2057.4963,2057.598,1740.6687,226.287,4
2024-08-01,1,bear,206.132,206.0899,145.6751,124.0011,106.132,106.0899,45.6751,24.0011,2061.3201,2060.8989,1764.2684,203.4734,3
2024-08-02,1,bear,205.5291,205.6992,142.9628,123.7164,105.5291,105.6992,42.9628,23.7164,2055.2907,2056.9924,1788.5626,173.3182,2
2024-08-05,1,bear,203.3633,205.6251,138.7992,120.9541,103.3633,105.6251,38.7992,20.9541,2033.6328,2056.2513,1802.2411,147.6301,1
2024-08-06,1,bear,203.9718,205.6251,140.0789,121.7372,103.9718,105.6251,40.0789,21.7372,2039.7177,2056.2513,1802.2411,154.6523,1
2024-08-07,1,bear,203.9498,205.6251,139.1426,121.7087,103.9498,105.6251,39.1426,21.7087,2039.4979,2056.2513,1802.2411,158.8983,1
2024-08-08,1,bear,205.1777,205.6251,142.3592,123.3034,105.1777,105.6251,42.3592,23.3034,2051.7767,2056.2513,1802.2411,163.9608,1
2024-08-09,1,bear,205.4165,205.6251,142.9869,123.6167,105.4165,105.6251,42.9869,23.6167,2054.1654,2056.2513,1802.2411,136.8518,1
2024-08-12,1,bear,205.2846,205.6251,143.0621,123.4458,105.2846,105.6251,43.0621,23.4458,2052.8459,2056.2513,1802.2411,126.5634,1
2024-08-13,1,bear,206.0811,205.6251,145.4148,124.471,106.0811,105.6251,45.4148,24.471,2060.8107,2056.2513,1802.2411,142.4859,1
2024-08-14,1,bear,206.6928,205.6251,145.8736,125.2683,106.6928,105.6251,45.8736,25.2683,2066.9278,2056.2513,1802.2411,141.996,1
2024-08-15,1,bear,207.3679,205.6251,148.3739,126.1511,107.3679,105.6251,48.3739,26.1511,2073.6786,2056.2513,1802.2411,145.4254,1
2024-08-16,1,bear,207.6819,205.6251,148.7065,126.564,107.6819,105.6251,48.7065,26.564,2076.819,2056.2513,1802.2411,146.5686,1
2024-08-19,1,bear,208.2869,205.6251,150.1284,127.3613,108.2869,105.6251,50.1284,27.3613,2082.8689,2056.2513,1802.2411,144.6905,1
2024-08-20,1,bear,208.3623,205.6251,149.8843,127.461,108.3623,105.6251,49.8843,27.461,2083.6232,2056.2513,1802.2411,145.8337,1
2024-08-21,1,bear,208.8361,205.6251,150.3993,128.0875,108.8361,105.6251,50.3993,28.0875,2088.3605,2056.2513,1802.2411,150.8962,1
2024-08-22,1,bear,208.6004,205.6251,149.2189,127.7743,108.6004,105.6251,49.2189,27.7743,2086.0043,2056.2513,1802.2411,152.4476,1
2024-08-23,1,bear,209.1469,205.6251,150.8044,128.5004,109.1469,105.6251,50.8044,28.5004,2091.4694,2056.2513,1802.2411,159.3882,1
2024-08-26,1,bear,209.2215,205.6251,150.4449,128.6001,109.2215,105.6251,50.4449,28.6001,2092.2147,2056.2513,1802.2411,162.3277,1
2024-08-27,1,bear,209.4127,205.6251,150.6515,128.8564,109.4127,105.6251,50.6515,28.8564,2094.1272,2056.2513,1802.2411,159.7965,1
2024-08-28,1,bear,209.2958,205.6251,149.7769,128.6997,109.2958,105.6251,49.7769,28.6997,2092.9581,2056.2513,1802.2411,156.2037,1
2024-08-29,1,bear,209.6154,205.6251,149.7903,129.1269,109.6154,105.6251,49.7903,29.1269,2096.1543,2056.2513,1802.2411,149.9164,1
2024-08-30,1,bear,210.2876,205.6251,151.2203,130.0239,110.2876,105.6251,51.2203,30.0239,2102.876,2056.2513,1802.2411,151.3862,1
2024-09-03,1,bear,209.7459,205.6251,148.1083,129.2977,109.7459,105.6251,48.1083,29.2977,2097.4588,2056.2513,1802.2411,147.7117,1
2024-09-04,1,bear,209.8099,205.6251,147.8052,129.3832,109.8099,105.6251,47.8052,29.3832,2098.0994,2056.2513,1802.2411,150.3246,1
2024-09-05,1,bear,209.1067,205.6251,147.4457,128.4434,109.1067,105.6251,47.4457,28.4434,2091.0666,2056.2513,1802.2411,181.9247,1
2024-09-06,1,bear,208.1697,205.6251,144.9641,127.1762,108.1697,105.6251,44.9641,27.1762,2081.6972,2056.2513,1802.2411,182.9045,1
2024-09-09,1,bear,209.0161,205.6251,146.5872,128.3153,109.0161,105.6251,46.5872,28.3153,2090.1607,2056.2513,1802.2411,176.8621,1
2024-09-10,1,bear,209.2378,205.6251,147.2257,128.6143,109.2378,105.6251,47.2257,28.6143,2092.3784,2056.2513,1802.2411,175.5557,1
2024-09-11,1,bear,209.1429,205.6251,148.736,128.4862,109.1429,105.6251,48.736,28.4862,2091.4285,2056.2513,1802.2411,178.7402,1
2024-09-12,1,bear,209.7016,205.6251,149.9889,129.2408,109.7016,105.6251,49.9889,29.2408,2097.0161,2056.2513,1802.2411,181.843,1
2024-09-13,1,bear,210.2997,205.6251,150.7722,130.0524,110.2997,105.6251,50.7722,30.0524,2102.9968,2056.2513,1802.2411,198.1738,1
2024-09-16,1,bear,210.7975,205.6251,150.9949,130.7358,110.7975,105.6251,50.9949,30.7358,2107.9752,2056.2513,1802.2411,215.8927,1
2024-09-17,1,bear,210.2542,205.6251,151.0566,129.9812,110.2542,105.6251,51.0566,29.9812,2102.5422,2056.2513,1802.2411,211.565,1
2024-09-18,1,bear,209.7904,205.6251,150.6086,129.3405,109.7904,105.6251,50.6086,29.3405,2097.9045,2056.2513,1802.2411,209.9319,1
2024-09-19,1,bear,210.2455,205.6251,153.1786,129.967,110.2455,105.6251,53.1786,29.967,2102.4553,2056.2513,1802.2411,211.565,1
2024-09-20,1,bear,210.2558,205.6251,152.9139,129.9812,110.2558,105.6251,52.9139,29.9812,2102.5584,2056.2513,1802.2411,212.6265,1
2024-09-23,1,bear,210.637,205.6251,153.296,130.508,110.637,105.6251,53.296,30.508,2106.3696,2056.2513,1802.2411,213.688,1
2024-09-24,1,bear,210.4418,205.6251,153.7346,130.2375,110.4418,105.6251,53.7346,30.2375,2104.4178,2056.2513,1802.2411,206.8291,1
2024-09-25,1,bear,210.0562,205.6251,153.3955,129.7054,110.0562,105.6251,53.3955,29.7054,2100.562,2056.2513,1802.2411,209.8503,1
2024-09-26,1,bear,210.3363,205.6251,154.0037,130.0916,110.3363,105.6251,54.0037,30.0916,2103.3626,2056.2513,1802.2411,210.3402,1
2024-09-27,0,bull,211.8326,206.9766,153.7803,130.2489,111.8326,106.9766,53.7803,30.2489,2118.3259,2069.766,1249.8085,788.9542,8
2024-09-30,0,bull,208.4834,203.7042,154.3966,130.5921,108.4834,103.7042,54.3966,30.5921,2084.8339,2037.0417,1316.7118,677.4422,8
2024-10-01,1,bear,206.4422,201.8276,153.0134,130.3633,106.4422,101.8276,53.0134,30.3633,2064.4218,2018.2758,1399.5105,578.1793,8
2024-10-02,1,bear,206.2947,201.8166,153.078,130.1202,106.2947,101.8166,53.078,30.1202,2062.9467,2018.1656,1462.0072,517.8255,7
2024-10-03,1,bear,206.4901,202.2617,152.7982,129.6768,106.4901,102.2617,52.7982,29.6768,2064.9012,2022.6167,1462.0072,514.6827,7
2024-10-04,1,bear,208.4557,203.8323,154.1867,130.2918,108.4557,103.8323,54.1867,30.2918,2084.5573,2038.323,1503.2782,479.0999,6
2024-10-07,1,bear,208.3609,204.5794,152.7928,128.8759,108.3609,104.5794,52.7928,28.8759,2083.609,2045.7945,1517.3015,475.1375,6
2024-10-08,1,bear,207.9246,203.52,154.2378,129.92,107.9246,103.52,54.2378,29.92,2079.2464,2035.2005,1517.3015,480.4762,6
2024-10-09,1,bear,208.8713,203.7746,155.3061,131.0498,108.8713,103.7746,55.3061,31.0498,2088.7134,2037.7456,1541.7811,463.7902,6
2024-10-10,1,bear,208.3623,203.5173,155.0343,130.6494,108.3623,103.5173,55.0343,30.6494,2083.6233,2035.1732,1569.5889,428.9084,5
2024-10-11,1,bear,209.3179,203.8733,155.9627,131.5933,109.3179,103.8733,55.9627,31.5933,2093.1793,2038.7328,1569.5889,426.5731,5
2024-10-14,1,bear,209.9322,203.9401,157.2383,132.4657,109.9322,103.9401,57.2383,32.4657,2099.3216,2039.4014,1569.5889,428.6621,5
2024-10-15,1,bear,208.5871,202.9621,156.0165,131.9223,108.5871,102.9621,56.0165,31.9223,2085.8712,2029.621,1623.1871,374.7339,5
2024-10-16,1,bear,209.7213,203.6545,156.6947,132.5801,109.7213,103.6545,56.6947,32.5801,2097.2125,2036.5449,1623.1871,377.956,5
2024-10-17,1,bear,208.869,202.6932,156.7081,132.7947,108.869,102.6932,56.7081,32.7947,2088.6896,2026.9321,1785.8308,208.5438,1
2024-10-18,1,bear,208.8891,202.6932,157.3109,132.8233,108.8891,102.6932,57.3109,32.8233,2088.8911,2026.9321,1785.8308,207.2373,1
2024-10-21,1,bear,208.4659,202.6932,157.0526,132.2226,108.4659,102.6932,57.0526,32.2226,2084.6589,2026.9321,1785.8308,200.95,1
2024-10-22,1,bear,208.101,202.6932,156.9691,131.7077,108.101,102.6932,56.9691,31.7077,2081.0104,2026.9321,1785.8308,203.1546,1
2024-10-23,1,bear,207.9083,202.6932,155.5349,131.436,107.9083,102.6932,55.5349,31.436,2079.083,2026.9321,1785.8308,205.1144,1
2024-10-24,1,bear,207.5735,202.6932,155.8712,130.964,107.5735,102.6932,55.8712,30.964,2075.7347,2026.9321,1785.8308,203.7262,1
2024-10-25,1,bear,206.9936,202.6932,155.8174,130.1488,106.9936,102.6932,55.8174,30.1488,2069.9357,2026.9321,1785.8308,205.196,1
2024-10-28,1,bear,207.1466,202.6932,156.2991,130.3633,107.1466,102.6932,56.2991,30.3633,2071.466,2026.9321,1785.8308,206.4208,1
2024-10-29,1,bear,207.0549,202.6932,156.552,130.2346,107.0549,102.6932,56.552,30.2346,2070.5493,2026.9321,1785.8308,205.9309,1
2024-10-30,1,bear,206.6268,202.6932,156.0784,129.6339,106.6268,102.6932,56.0784,29.6339,2066.2679,2026.9321,1785.8308,205.6043,1
2024-10-31,1,bear,205.9624,202.6932,153.0188,128.7043,105.9624,102.6932,53.0188,28.7043,2059.624,2026.9321,1785.8308,204.6244,1
2024-11-01,1,bear,205.9419,202.6932,153.6646,128.6757,105.9419,102.6932,53.6646,28.6757,2059.4187,2026.9321,1785.8308,201.5216,1
2024-11-04,1,bear,205.911,202.6932,153.3336,128.6328,105.911,102.6932,53.3336,28.6328,2059.1101,2026.9321,1785.8308,198.1738,1
2024-11-05,1,bear,206.725,202.6932,155.1877,129.7627,106.725,102.6932,55.1877,29.7627,2067.2502,2026.9321,1785.8308,200.95,1
2024-11-06,1,bear,208.4863,202.6932,159.0466,132.2226,108.4863,102.6932,59.0466,32.2226,2084.863,2026.9321,1785.8308,221.8534,1
2024-11-07,1,bear,208.6668,202.6932,160.2763,132.48,108.6668,102.6932,60.2763,32.48,2086.6683,2026.9321,1785.8308,212.8715,1
2024-11-08,1,bear,209.5122,202.6932,160.9706,133.6814,109.5122,102.6932,60.9706,33.6814,2095.1219,2026.9321,1785.8308,210.7485,1
2024-11-11,1,bear,209.3819,202.6932,161.124,133.4955,109.3819,102.6932,61.124,33.4955,2093.8187,2026.9321,1785.8308,213.3614,1
2024-11-12,1,bear,209.1815,202.6932,160.6235,133.2094,109.1815,102.6932,60.6235,33.2094,2091.815,2026.9321,1785.8308,185.8441,1
2024-11-13,1,bear,209.1815,202.6932,160.7015,133.2094,109.1815,102.6932,60.7015,33.2094,2091.815,2026.9321,1785.8308,175.719,1
2024-11-14,0,bull,208.3,202.8396,159.6682,131.7649,108.3,102.8396,59.6682,31.7649,2083.0003,2028.3963,1309.3469,656.8602,7
2024-11-15,0,bull,207.7214,202.2762,157.623,130.3633,107.7214,102.2762,57.623,30.3633,2077.2141,2022.7618,1368.8204,600.7653,6
2024-11-18,0,bull,212.488,206.9178,158.2689,130.8496,112.488,106.9178,58.2689,30.8496,2124.8797,2069.1779,1327.9867,674.8458,8
2024-11-19,0,bull,215.5986,209.9468,158.8474,130.678,115.5986,109.9468,58.8474,30.678,2155.9855,2099.4683,1257.7203,766.557,9
2024-11-20,0,bull,214.3824,208.7626,158.9012,131.5361,114.3824,108.7626,58.9012,31.5361,2143.8242,2087.6258,1279.725,731.3917,9
2024-11-21,0,bull,216.7131,211.0321,159.7543,132.952,116.7131,111.0321,59.7543,32.952,2167.1305,2110.3211,1279.725,745.2377,9
2024-11-22,0,bull,221.0906,215.2949,160.2494,133.6671,121.0906,115.2949,60.2494,33.6671,2210.906,2152.9491,1207.5605,835.7907,10
2024-11-25,0,bull,227.1361,221.1819,160.793,134.2678,127.1361,121.1819,60.793,34.2678,2271.3609,2211.8192,1207.5605,881.0708,10
2024-11-26,0,bull,223.0184,217.1722,161.6326,135.2546,123.0184,117.1722,61.6326,35.2546,2230.1845,2171.7222,1201.1387,868.8059,11
2024-11-27,0,bull,224.6757,218.786,161.1428,135.0687,124.6757,118.786,61.1428,35.0687,2246.7568,2187.8601,1201.1387,879.1449,11
2024-11-29,0,bull,224.1629,218.2867,162.1438,135.226,124.1629,118.2867,62.1438,35.226,2241.629,2182.8667,1240.6867,838.9251,11
2024-12-02,0,bull,229.0006,222.9976,162.4345,134.6683,129.0006,122.9976,62.4345,34.6683,2290.0063,2229.9758,1240.6867,864.5577,11
2024-12-03,0,bull,229.1469,223.1401,162.5098,134.182,129.1469,123.1401,62.5098,34.182,2291.4695,2231.4007,1165.5135,935.2209,12
2024-12-04,0,bull,230.267,224.2308,163.5189,134.5395,130.267,124.2308,63.5189,34.5395,2302.6704,2242.308,1460.4731,641.8753,8
2024-12-05,0,bull,228.5613,222.5698,163.2498,134.2535,128.5613,122.5698,63.2498,34.2535,2285.6129,2225.6976,1225.1431,867.4184,10
2024-12-06,0,bull,232.8,226.6974,163.5593,133.7672,132.8,126.6974,63.5593,33.7672,2328.0004,2266.974,1225.1431,891.0112,10
2024-12-09,0,bull,229.7593,223.7364,162.717,132.5944,129.7593,123.7364,62.717,32.5944,2297.5929,2237.3635,1519.4123,577.964,7
2024-12-10,0,bull,224.7636,218.8716,162.2111,132.1511,124.7636,118.8716,62.2111,32.1511,2247.6355,2188.7158,1462.3369,604.2995,8
2024-12-11,0,bull,225.0475,219.1481,163.4651,131.865,125.0475,119.1481,63.4651,31.865,2250.475,2191.4808,1410.9938,658.3334,9
2024-12-12,0,bull,224.7964,218.9036,162.6228,131.4932,124.7964,118.9036,62.6228,31.4932,2247.9639,2189.0355,1452.9094,614.9675,8
2024-12-13,0,bull,224.9038,219.0082,162.5906,131.0927,124.9038,119.0082,62.5906,31.0927,2249.0382,2190.0816,1329.1621,738.5654,10
2024-12-16,0,bull,223.77,217.904,163.2848,130.5635,123.77,117.904,63.2848,30.5635,2237.6997,2179.0404,1442.785,622.0288,9
2024-12-17,0,bull,221.961,216.1425,162.6121,129.986,121.961,116.1425,62.6121,29.986,2219.6102,2161.4251,1430.4154,618.8232,9
2024-12-18,1,bear,216.4879,212.4138,157.7657,127.2274,116.4879,112.4138,57.7657,27.2274,2164.8793,2124.1384,1600.8437,421.0744,5
2024-12-19,1,bear,216.6439,212.5289,157.7172,127.2848,116.6439,112.5289,57.7172,27.2848,2166.4388,2125.2889,1637.9088,387.5927,5
2024-12-20,1,bear,218.751,213.7715,159.6116,128.5061,118.751,113.7715,59.6116,28.5061,2187.5099,2137.7148,1637.9088,395.6908,5
2024-12-23,1,bear,218.9084,213.9541,160.5674,128.463,118.9084,113.9541,60.5674,28.463,2189.0836,2139.5415,1663.9505,370.1816,5
2024-12-24,1,bear,220.048,214.4221,162.3521,129.4112,120.048,114.4221,62.3521,29.4112,2200.4804,2144.2208,1663.9505,375.4952,5
2024-12-26,1,bear,220.0384,214.3738,162.3629,129.4687,120.0384,114.3738,62.3629,29.4687,2200.3841,2143.7384,1711.4915,328.0925,5
2024-12-27,1,bear,218.9106,213.7143,160.6538,128.8366,118.9106,113.7143,60.6538,28.8366,2189.106,2137.1425,1721.84,309.9695,5
2024-12-30,1,bear,217.4219,213.2203,158.8205,127.4716,117.4219,113.2203,58.8205,27.4716,2174.2193,2132.203,1789.2461,243.3915,3
2024-12-31,1,bear,217.3639,213.0893,158.2427,127.5722,117.3639,113.0893,58.2427,27.5722,2173.639,2130.8934,1789.2461,241.7603,3
2025-01-02,0,bull,217.2237,213.0893,157.8538,127.3854,117.2237,113.0893,57.8538,27.3854,2172.2372,2130.8934,1789.2461,241.6974,3
2025-01-03,0,bull,220.1652,215.9748,159.8276,128.0176,120.1652,115.9748,59.8276,28.0176,2201.6517,2159.7481,1189.2495,860.8841,12
2025-01-06,0,bull,223.9484,219.686,160.7483,127.3135,123.9484,119.686,60.7483,27.3135,2239.4839,2196.8602,1104.9542,962.8706,14
2025-01-07,0,bull,220.7535,216.552,158.9311,127.0837,120.7535,116.552,58.9311,27.0837,2207.5353,2165.5197,1101.9994,944.0995,15
2025-01-08,0,bull,216.8136,212.6871,159.1633,127.8739,116.8136,112.6871,59.1633,27.8739,2168.1364,2126.8707,1042.3495,990.7688,17
2025-01-10,1,bear,213.1303,209.8824,156.7333,125.9773,113.1303,109.8824,56.7333,25.9773,2131.3027,2098.8242,1209.8803,807.3991,16
2025-01-13,1,bear,211.1486,207.5792,156.9764,126.6814,111.1486,107.5792,56.9764,26.6814,2111.4862,2075.7924,1276.5398,728.3961,15
2025-01-14,1,bear,212.637,208.6902,157.1923,127.3566,112.637,108.6902,57.1923,27.3566,2126.3702,2086.9021,1301.5611,711.8898,15
2025-01-15,1,bear,217.8064,213.3527,160.0517,128.1325,117.8064,113.3527,60.0517,28.1325,2178.0639,2133.5271,1315.0395,731.6374,15
2025-01-16,1,bear,218.728,213.8481,159.7439,128.894,118.728,113.8481,59.7439,28.894,2187.28,2138.4813,1351.7515,706.7374,14
2025-01-17,1,bear,221.5737,216.5208,161.3477,129.0952,121.5737,116.5208,61.3477,29.0952,2215.7373,2165.2079,1351.7515,732.7177,14
2025-01-21,1,bear,223.5866,217.8236,162.8246,130.3164,123.5866,117.8236,62.8246,30.3164,2235.8663,2178.2363,1361.2075,736.0996,14
2025-01-22,1,bear,223.4685,217.7553,163.7399,130.2302,123.4685,117.7553,63.7399,30.2302,2234.6849,2177.5529,1375.0874,721.797,14
2025-01-23,1,bear,223.1664,217.2168,164.6336,130.6756,123.1664,117.2168,64.6336,30.6756,2231.6643,2172.1677,1610.2222,489.8044,8
2025-01-24,0,bull,220.2333,214.371,164.153,130.6613,120.2333,114.371,64.153,30.6613,2202.3326,2143.7095,1088.1862,993.8978,17
2025-01-27,0,bull,206.3335,200.8412,161.831,132.0406,106.3335,100.8412,61.831,32.0406,2063.3349,2008.4118,1244.0361,766.3702,13
2025-01-28,0,bull,208.7631,203.2061,163.2215,131.667,108.7631,103.2061,63.2215,31.667,2087.631,2032.0611,892.1507,1132.874,18
2025-01-29,0,bull,209.6637,204.0828,162.4898,131.4946,109.6637,104.0828,62.4898,31.4946,2096.6372,2040.8276,889.601,1136.7328,19
2025-01-30,0,bull,214.1483,208.448,163.3619,132.759,114.1483,108.448,63.3619,32.759,2141.483,2084.4797,908.674,1143.8761,19
2025-01-31,0,bull,212.7511,207.088,162.4925,132.1124,112.7511,107.088,62.4925,32.1124,2127.5114,2070.8799,902.7773,1145.5715,20
2025-02-03,1,bear,209.9156,204.1194,161.399,132.7159,109.9156,104.1194,61.399,32.7159,2099.1556,2041.1944,993.7228,1041.021,19
2025-02-04,1,bear,215.5739,209.6377,162.4817,132.6728,115.5739,109.6377,62.4817,32.6728,2155.739,2096.3773,1013.1927,1055.9043,19
2025-02-05,1,bear,218.2514,211.8135,163.1405,133.7791,118.2514,111.8135,63.1405,33.7791,2182.5141,2118.1351,1050.006,1037.3498,19
2025-02-06,1,bear,223.0345,216.4497,163.7075,133.7935,123.0345,116.4497,63.7075,33.7935,2230.3446,2164.4974,1097.2366,1022.8823,17
2025-02-07,1,bear,222.6581,216.3311,162.209,133.2044,122.6581,116.3311,62.209,33.2044,2226.5806,2163.3106,1109.785,1008.2339,17
2025-02-10,1,bear,226.3701,219.6992,163.3106,133.7647,126.3701,119.6992,63.3106,33.7647,2263.7008,2196.9919,1149.3589,986.6252,17
2025-02-11,1,bear,221.8707,215.2498,163.4348,133.9515,121.8707,115.2498,63.4348,33.9515,2218.7067,2152.4984,1191.6282,918.3053,16
2025-02-12,0,bull,222.1287,215.7479,162.9083,133.4055,122.1287,115.7479,62.9083,33.4055,2221.2866,2157.4788,964.5515,1150.8946,20
2025-02-13,0,bull,228.383,221.8226,164.6282,134.6124,128.383,121.8226,64.6282,34.6124,2283.8302,2218.2258,1005.081,1140.1921,18
2025-02-14,0,bull,233.0776,226.3823,164.6201,133.5492,133.0776,126.3823,64.6201,33.5492,2330.776,2263.8231,1021.6743,1148.3692,19
2025-02-18,0,bull,237.7692,230.9391,165.1034,133.8509,137.7692,130.9391,65.1034,33.8509,2377.6919,2309.3913,1395.1272,806.6797,12
2025-02-19,0,bull,234.3224,227.5914,165.4922,134.6986,134.3224,127.5914,65.4922,34.6986,2343.2243,2275.9138,1072.5252,1106.6794,18
2025-02-20,0,bull,231.2281,224.5859,164.8037,134.6699,131.2281,124.5859,64.8037,34.6699,2312.281,2245.8593,1068.9912,1095.259,18
2025-02-21,0,bull,220.6003,214.2634,161.9849,133.7072,120.6003,114.2634,61.9849,33.7072,2206.003,2142.6343,1352.1089,754.9885,13
2025-02-24,1,bear,218.17,211.5631,161.2478,134.3682,118.17,111.5631,61.2478,34.3682,2181.6997,2115.631,1451.3247,632.6373,11
2025-02-25,1,bear,216.513,209.5152,160.4459,135.1728,116.513,109.5152,60.4459,35.1728,2165.1301,2095.1517,1598.6042,468.9783,8
2025-02-26,1,bear,216.5796,210.1822,160.5269,134.167,116.5796,110.1822,60.5269,34.167,2165.7955,2101.8222,1598.6042,479.3929,8
2025-02-27,1,bear,214.6418,208.3623,157.9645,134.0664,114.6418,108.3623,57.9645,34.0664,2146.4181,2083.6232,1644.6864,434.2175,7
2025-02-28,1,bear,215.6713,208.2487,160.4297,135.8768,115.6713,108.2487,60.4297,35.8768,2156.7126,2082.4869,1689.0362,397.4204,6
2025-03-03,1,bear,215.0352,207.7682,157.6189,135.6613,115.0352,107.7682,57.6189,35.6613,2150.3519,2077.6821,1689.0362,391.8885,6
2025-03-04,1,bear,213.5578,207.3141,155.7532,134.0952,113.5578,107.3141,55.7532,34.0952,2135.5779,2073.1414,1762.1439,317.0549,3
2025-03-05,1,bear,213.9069,207.3141,157.4272,134.6124,113.9069,107.3141,57.4272,34.6124,2139.0685,2073.1414,1762.1439,317.6544,3
2025-03-06,1,bear,213.3169,207.3141,154.6327,133.736,113.3169,107.3141,54.6327,33.736,2133.1686,2073.1414,1762.1439,292.3912,3
2025-03-07,1,bear,214.0441,207.3141,155.4994,134.7992,114.0441,107.3141,55.4994,34.7992,2140.4413,2073.1414,1762.1439,293.7419,3
2025-03-10,1,bear,213.389,207.3141,151.3576,133.8366,113.389,107.3141,51.3576,33.8366,2133.8905,2073.1414,1762.1439,264.8874,3
2025-03-11,1,bear,212.0946,207.3141,150.0994,131.9687,112.0946,107.3141,50.0994,31.9687,2120.9461,2073.1414,1762.1439,276.3557,3
2025-03-12,1,bear,211.386,207.3141,150.8959,130.9486,111.386,107.3141,50.8959,30.9486,2113.8599,2073.1414,1762.1439,277.977,3
2025-03-13,1,bear,211.1957,207.3141,148.8844,130.6756,111.1957,107.3141,48.8844,30.6756,2111.9567,2073.1414,1762.1439,274.8369,3
2025-03-14,1,bear,212.2402,207.3141,151.9597,132.1699,112.2402,107.3141,51.9597,32.1699,2122.4024,2073.1414,1762.1439,277.0293,3
2025-03-17,1,bear,213.4963,207.3141,153.1315,133.9802,113.4963,107.3141,53.1315,33.9802,2134.9633,2073.1414,1762.1439,279.1821,3
2025-03-18,1,bear,213.0154,207.3141,151.4764,133.281,113.0154,107.3141,51.4764,33.281,2130.1538,2073.1414,1762.1439,274.0897,3
2025-03-19,1,bear,213.4342,207.3141,153.1261,133.8865,113.4342,107.3141,53.1261,33.8865,2134.3416,2073.1414,1762.1439,278.06,3
2025-03-20,1,bear,213.1165,207.3141,152.6833,133.4251,113.1165,107.3141,52.6833,33.4251,2131.1653,2073.1414,1762.1439,281.4202,3
2025-03-21,1,bear,212.9974,207.3141,152.7337,133.2521,112.9974,107.3141,52.7337,33.2521,2129.9737,2073.1414,1762.1439,280.9103,3
2025-03-24,1,bear,213.6136,207.3141,155.4689,134.146,113.6136,107.3141,55.4689,34.146,2136.1358,2073.1414,1762.1439,288.2985,3
2025-03-25,1,bear,213.4261,207.3141,155.8426,133.8721,113.4261,107.3141,55.8426,33.8721,2134.2615,2073.1414,1762.1439,287.0347,3
2025-03-26,1,bear,213.7127,207.3141,153.9822,134.2902,113.7127,107.3141,53.9822,34.2902,2137.1275,2073.1414,1762.1439,281.9434,3
2025-03-27,1,bear,214.0391,207.3141,153.5732,134.766,114.0391,107.3141,53.5732,34.766,2140.3913,2073.1414,1762.1439,279.1456,3
2025-03-28,1,bear,213.3176,207.3141,150.4805,133.7135,113.3176,107.3141,50.4805,33.7135,2133.176,2073.1414,1762.1439,267.1789,3
2025-03-31,1,bear,214.2364,207.3141,151.4907,135.04,114.2364,107.3141,51.4907,35.04,2142.3638,2073.1414,1762.1439,271.6908,3
2025-04-01,1,bear,214.167,207.3141,151.9185,134.939,114.167,107.3141,51.9185,34.939,2141.6701,2073.1414,1762.1439,269.1463,3
2025-04-02,1,bear,214.3556,207.3141,152.8799,135.213,114.3556,107.3141,52.8799,35.213,2143.5561,2073.1414,1762.1439,280.0999,3
2025-04-03,1,bear,213.2709,207.3141,145.3459,133.627,113.2709,107.3141,45.3459,33.627,2132.7087,2073.1414,1762.1439,251.0406,3
2025-04-04,1,bear,207.7519,207.3141,136.8369,125.7259,107.7519,107.3141,36.8369,25.7259,2077.5195,2073.1414,1762.1439,229.3626,3
2025-04-07,1,bear,206.7085,207.3141,136.5932,124.2985,106.7085,107.3141,36.5932,24.2985,2067.0846,2073.1414,1762.1439,229.8724,3
2025-04-08,1,bear,205.8706,207.3141,134.4538,123.1594,105.8706,107.3141,34.4538,23.1594,2058.7064,2073.1414,1762.1439,226.5975,3
2025-04-09,1,bear,210.6114,207.3141,148.574,129.5611,110.6114,107.3141,48.574,29.5611,2106.1143,2073.1414,1762.1439,256.5514,3
2025-04-10,1,bear,209.343,207.3141,142.0636,127.7732,109.343,107.3141,42.0636,27.7732,2093.4297,2073.1414,1762.1439,242.6386,3
2025-04-11,1,bear,210.7549,207.3141,144.5984,129.7341,110.7549,107.3141,44.5984,29.7341,2107.5489,2073.1414,1762.1439,246.6327,3
2025-04-14,1,bear,211.9158,207.3141,146.0012,131.3633,111.9158,107.3141,46.0012,31.3633,2119.1577,2073.1414,1762.1439,250.8198,3
2025-04-15,1,bear,211.6511,207.3141,145.5923,130.9885,111.6511,107.3141,45.5923,30.9885,2116.5108,2073.1414,1762.1439,255.72,3
2025-04-16,1,bear,210.6135,207.3141,142.3561,129.5178,110.6135,107.3141,42.3561,29.5178,2106.1352,2073.1414,1762.1439,246.1878,3
2025-04-17,1,bear,210.8295,207.3141,142.5592,129.8206,110.8295,107.3141,42.5592,29.8206,2108.2952,2073.1414,1762.1439,244.2048,3
2025-04-21,1,bear,208.9375,207.3141,139.1659,127.1677,108.9375,107.3141,39.1659,27.1677,2089.3753,2073.1414,1762.1439,235.8096,3
2025-04-22,1,bear,210.8493,207.3141,142.7867,129.8062,110.8493,107.3141,42.7867,29.8062,2108.4925,2073.1414,1762.1439,240.9246,3
2025-04-23,1,bear,211.1995,207.3141,144.9992,130.2964,111.1995,107.3141,44.9992,30.2964,2111.9951,2073.1414,1762.1439,249.7975,3
2025-04-24,1,bear,211.7522,207.3141,148.0513,131.075,111.7522,107.3141,48.0513,31.075,2117.5217,2073.1414,1762.1439,257.4705,3
2025-04-25,1,bear,211.6505,207.3141,149.121,130.9308,111.6505,107.3141,49.121,30.9308,2116.5054,2073.1414,1762.1439,260.1347,3
2025-04-28,1,bear,211.9958,207.3141,149.1779,131.421,111.9958,107.3141,49.1779,31.421,2119.958,2073.1414,1762.1439,262.256,3
2025-04-29,1,bear,212.7145,207.3141,150.1176,132.4447,112.7145,107.3141,50.1176,32.4447,2127.1449,2073.1414,1762.1439,262.701,3
2025-04-30,1,bear,213.3997,207.3141,150.1772,133.4251,113.3997,107.3141,50.1772,33.4251,2133.9967,2073.1414,1762.1439,261.2174,3
2025-05-01,1,bear,212.7671,207.3141,151.2415,132.5168,112.7671,107.3141,51.2415,32.5168,2127.6705,2073.1414,1762.1439,264.9241,3
2025-05-02,1,bear,213.6928,207.3141,153.4866,133.8433,113.6928,107.3141,53.4866,33.8433,2136.9276,2073.1414,1762.1439,277.592,3
2025-05-05,1,bear,213.6132,207.3141,152.6064,133.7279,113.6132,107.3141,52.6064,33.7279,2136.132,2073.1414,1762.1439,275.6789,3
2025-05-06,1,bear,213.2149,207.3141,151.3309,133.1512,113.2149,107.3141,51.3309,33.1512,2132.149,2073.1414,1762.1439,269.4452,3
2025-05-07,1,bear,213.6855,207.3141,151.9673,133.8288,113.6855,107.3141,51.9673,33.8288,2136.855,2073.1414,1762.1439,273.0476,3
2025-05-08,1,bear,213.2669,207.3141,153.0262,133.2233,113.2669,107.3141,53.0262,33.2233,2132.6691,2073.1414,1762.1439,272.702,3
2025-05-09,1,bear,212.9971,207.3141,152.8312,132.834,112.9971,107.3141,52.8312,32.834,2129.9708,2073.1414,1762.1439,274.8915,3
2025-05-12,1,bear,213.707,207.3141,157.8819,133.8577,113.707,107.3141,57.8819,33.8577,2137.0705,2073.1414,1762.1439,243.4075,3
2025-05-13,1,bear,213.0194,207.3141,158.9245,132.8773,113.0194,107.3141,58.9245,32.8773,2130.1941,2073.1414,1762.1439,245.2224,3
2025-05-14,1,bear,212.3295,207.3141,159.1276,131.8968,112.3295,107.3141,59.1276,31.8968,2123.2952,2073.1414,1762.1439,271.2495,3
2025-05-15,1,bear,213.9387,207.3141,159.9048,134.2037,113.9387,107.3141,59.9048,34.2037,2139.3867,2073.1414,1762.1439,271.4151,3
2025-05-16,1,bear,214.825,207.3141,160.9177,135.4869,114.825,107.3141,60.9177,35.4869,2148.2496,2073.1414,1762.1439,276.3013,3
2025-05-19,1,bear,215.24,207.3141,161.0937,136.0925,115.24,107.3141,61.0937,36.0925,2152.3996,2073.1414,1762.1439,263.3073,3
2025-05-20,0,bull,215.2209,207.4391,160.5521,135.8762,115.2209,107.4391,60.5521,35.8762,2152.2095,2074.3914,1178.4101,847.6872,11
2025-05-21,0,bull,209.3651,201.795,157.8467,134.0884,109.3651,101.795,57.8467,34.0884,2093.651,2017.9502,1116.8286,871.8942,12
2025-05-22,0,bull,210.633,203.0171,157.909,133.454,110.633,103.0171,57.909,33.454,2106.3302,2030.1709,1228.0557,764.2172,12
2025-05-23,1,bear,208.6657,201.2156,156.8311,133.2521,108.6657,101.2156,56.8311,33.2521,2086.6573,2012.1557,1298.7759,675.671,11
2025-05-27,1,bear,212.0943,203.8558,160.0917,134.593,112.0943,103.8558,60.0917,34.593,2120.9431,2038.558,1298.7759,691.4859,11
2025-05-28,1,bear,210.8935,203.2004,159.1655,133.5837,110.8935,103.2004,59.1655,33.5837,2108.9346,2032.0036,1317.0776,667.4672,11
2025-05-29,1,bear,211.0064,203.0763,159.7938,134.0451,111.0064,103.0763,59.7938,34.0451,2110.0644,2030.7633,1366.0124,618.7006,11
2025-05-30,1,bear,211.5364,203.1804,159.6151,134.8237,111.5364,103.1804,59.6151,34.8237,2115.3637,2031.8043,1387.28,580.7555,11
2025-06-02,1,bear,212.3611,203.8501,160.5142,135.0544,112.3611,103.8501,60.5142,35.0544,2123.6113,2038.5008,1387.28,587.8937,11
2025-06-03,1,bear,214.3153,205.7183,161.4295,135.0688,114.3153,105.7183,61.4295,35.0688,2143.1535,2057.1833,1387.28,580.6542,11
2025-06-04,0,bull,214.5716,206.2739,161.3862,134.4921,114.5716,106.2739,61.3862,34.4921,2145.7159,2062.7391,1167.6829,801.3883,14
2025-06-05,0,bull,214.5413,206.2448,160.6062,134.247,114.5413,106.2448,60.6062,34.247,2145.4131,2062.448,1194.5131,792.7549,14
2025-06-06,0,bull,216.1025,207.7456,162.2555,135.1697,116.1025,107.7456,62.2555,35.1697,2161.0251,2077.4562,1156.6221,828.9621,15
2025-06-09,0,bull,216.3907,208.0227,162.4018,134.2758,116.3907,108.0227,62.4018,34.2758,2163.9072,2080.2269,1358.2743,618.2689,10
2025-06-10,0,bull,218.7276,210.2692,163.3225,134.4633,118.7276,110.2692,63.3225,34.4633,2187.2764,2102.6923,1070.865,922.586,13
2025-06-11,0,bull,220.621,212.0893,162.8567,134.1893,120.621,112.0893,62.8567,34.1893,2206.2096,2120.8934,1092.7584,915.2002,13
2025-06-12,0,bull,220.3441,211.8232,163.504,135.2562,120.3441,111.8232,63.504,35.2562,2203.4407,2118.2315,1051.9938,960.7368,14
2025-06-13,0,bull,217.6614,209.2443,161.676,134.1028,117.6614,109.2443,61.676,34.1028,2176.6144,2092.4427,1101.9972,889.9194,14
2025-06-16,0,bull,224.5727,215.8883,163.2142,134.1679,124.5727,115.8883,63.2142,34.1679,2245.7274,2158.883,1101.9972,989.9633,14
2025-06-17,0,bull,218.4134,209.9672,161.8195,133.2708,118.4134,109.9672,61.8195,33.2708,2184.1345,2099.6719,1206.2826,850.3686,13
2025-06-18,0,bull,219.4202,210.935,161.7951,132.7789,119.4202,110.935,61.7951,32.7789,2194.2022,2109.3503,1241.1356,824.7154,12
2025-06-20,0,bull,219.3752,210.8918,161.4151,132.8223,119.3752,110.8918,61.4151,32.8223,2193.7523,2108.9178,1288.7904,777.7699,11
2025-06-23,0,bull,218.8988,210.4337,163.0095,134.0811,118.8988,110.4337,63.0095,34.0811,2188.9876,2104.3374,1300.6878,764.5308,11
2025-06-24,0,bull,222.8239,214.2071,164.8103,134.7756,122.8239,114.2071,64.8103,34.7756,2228.2387,2142.0706,1290.5821,794.7698,11
2025-06-25,0,bull,222.4551,213.8525,164.9027,133.6181,122.4551,113.8525,64.9027,33.6181,2224.5507,2138.5252,1059.6413,1018.4797,14
2025-06-26,0,bull,226.8347,218.0628,166.1928,134.1245,126.8347,118.0628,66.1928,34.1245,2268.3467,2180.6276,1106.1386,999.8543,14
2025-06-27,0,bull,225.7518,217.0217,167.0185,134.573,125.7518,117.0217,67.0185,34.573,2257.5177,2170.2173,1064.3407,1057.5988,15
2025-06-30,0,bull,228.9612,220.1071,167.8171,135.8173,128.9612,120.1071,67.8171,35.8173,2289.612,2201.0706,1254.66,875.254,12
2025-07-01,0,bull,226.8203,218.0489,167.7628,136.3961,126.8203,118.0489,67.7628,36.3961,2268.203,2180.4895,904.3124,1218.99,17
2025-07-02,0,bull,233.0334,224.0217,168.5233,135.1084,133.0334,124.0217,68.5233,35.1084,2330.3337,2240.2174,798.1722,1363.1027,19
2025-07-03,0,bull,236.7953,227.6382,169.8515,136.2369,136.7953,127.6382,69.8515,36.2369,2367.9525,2276.3816,818.2571,1376.3527,19
2025-07-07,0,bull,232.5294,223.5373,168.5858,135.7739,132.5294,123.5373,68.5858,35.7739,2325.2941,2235.3728,870.7223,1306.0358,19
2025-07-08,0,bull,237.1607,227.9895,168.4934,135.3543,137.1607,127.9895,68.4934,35.3543,2371.6073,2279.895,885.7287,1323.0381,19
2025-07-09,0,bull,241.6263,232.2823,169.5038,135.6148,141.6263,132.2823,69.5038,35.6148,2416.2626,2322.8234,885.7287,1341.1687,19
2025-07-10,0,bull,245.0066,235.532,169.9819,135.2096,145.0066,135.532,69.9819,35.2096,2450.066,2355.3197,789.2489,1451.9408,21
2025-07-11,0,bull,242.0349,232.6751,169.3843,134.1824,142.0349,132.6751,69.3843,34.1824,2420.3486,2326.7514,789.2489,1427.9036,21
2025-07-14,0,bull,243.3076,233.8987,169.7075,134.9058,143.3076,133.8987,69.7075,34.9058,2433.0763,2338.9869,937.1097,1281.0704,18
2025-07-15,0,bull,243.0209,233.623,168.9823,133.3721,143.0209,133.623,68.9823,33.3721,2430.2089,2336.2304,1053.9127,1159.1694,17
2025-07-16,0,bull,244.3557,234.9062,169.5473,134.2692,144.3557,134.9062,69.5473,34.2692,2443.5566,2349.062,847.8468,1368.2278,19
2025-07-17,0,bull,248.579,238.9662,170.5848,134.602,148.579,138.9662,70.5848,34.602,2485.7901,2389.6622,937.7452,1297.5814,18
2025-07-18,0,bull,250.2525,240.575,170.4599,134.4862,150.2525,140.575,70.4599,34.4862,2502.525,2405.75,935.5935,1304.5459,19
2025-07-21,0,bull,249.245,239.6065,170.7831,134.5151,149.245,139.6065,70.7831,34.5151,2492.4502,2396.0648,1269.8575,962.1622,14
2025-07-22,0,bull,249.2994,239.6588,170.8076,135.7161,149.2994,139.6588,70.8076,35.7161,2492.9944,2396.588,1132.6697,1096.0415,16
2025-07-23,0,bull,251.1737,241.4606,172.2607,135.962,151.1737,141.4606,72.2607,35.962,2511.7373,2414.6061,951.0453,1300.7082,19
2025-07-24,0,bull,251.9728,242.2288,172.3177,136.0054,151.9728,142.2288,72.3177,36.0054,2519.7283,2422.288,804.3384,1453.706,22
2025-07-25,0,bull,255.1252,245.2592,173.0457,136.3671,155.1252,145.2592,73.0457,36.3671,2551.2517,2452.5924,789.2475,1483.6062,25
2025-07-28,0,bull,256.3189,246.4068,173.0022,135.1662,156.3189,146.4068,73.0022,35.1662,2563.1886,2464.0677,789.2464,1489.3399,27
2025-07-29,0,bull,254.1808,244.3514,172.5459,135.6871,154.1808,144.3514,72.5459,35.6871,2541.8077,2443.5136,870.2546,1396.1301,27
2025-07-30,0,bull,255.0487,245.1858,172.3286,135.0505,155.0487,145.1858,72.3286,35.0505,2550.4874,2451.8577,1025.3715,1272.8971,23
2025-07-31,0,bull,252.6009,242.8326,171.6822,133.9943,152.6009,142.8326,71.6822,33.9943,2526.009,2428.3259,925.7542,1359.1438,25
2025-08-01,0,bull,246.464,236.933,168.8682,133.6036,146.464,136.933,68.8682,33.6036,2464.6404,2369.3304,905.445,1303.0788,24
2025-08-04,0,bull,247.3953,237.8283,171.435,135.0939,147.3953,137.8283,71.435,35.0939,2473.9526,2378.2825,1096.1639,1114.8899,22
2025-08-05,0,bull,247.9527,238.3641,170.5658,133.9364,147.9527,138.3641,70.5658,33.9364,2479.5266,2383.6409,942.5731,1280.1295,23
2025-08-06,0,bull,244.4241,234.972,171.8723,134.6743,144.4241,134.972,71.8723,34.6743,2444.2407,2349.7196,789.2469,1422.3648,26
2025-08-07,0,bull,248.2542,238.654,171.7283,133.9653,148.2542,138.654,71.7283,33.9653,2482.5423,2386.54,867.8146,1363.6951,26
2025-08-08,0,bull,250.558,240.8687,173.0674,134.327,150.558,140.8687,73.0674,34.327,2505.5803,2408.6871,873.5562,1368.2114,27
2025-08-11,0,bull,249.0727,239.4408,172.7252,134.0377,149.0727,139.4408,72.7252,34.0377,2490.727,2394.4082,1055.5242,1180.7253,23
2025-08-12,0,bull,255.1281,245.2621,174.564,134.3126,155.1281,145.2621,74.564,34.3126,2551.2815,2452.621,895.1559,1374.6485,25
2025-08-13,0,bull,262.874,252.7084,175.1616,135.3833,162.874,152.7084,75.1616,35.3833,2628.7403,2527.0844,997.4474,1309.9367,23
2025-08-14,0,bull,257.7842,247.8154,175.1779,134.9203,157.7842,147.8154,75.1779,34.9203,2577.8418,2478.1542,789.2508,1493.8743,25
2025-08-15,0,bull,256.0874,246.1842,174.7677,135.3109,156.0874,146.1842,74.7677,35.3109,2560.8738,2461.8424,789.2524,1479.7398,26
2025-08-18,0,bull,257.0502,247.1099,174.7297,135.2386,157.0502,147.1099,74.7297,35.2386,2570.5023,2471.0986,811.1954,1460.9745,25
2025-08-19,0,bull,251.758,242.0223,173.7817,136.1501,151.758,142.0223,73.7817,36.1501,2517.5802,2420.223,789.2462,1448.7174,27
2025-08-20,0,bull,250.0014,240.3336,173.32,136.8446,150.0014,140.3336,73.32,36.8446,2500.0136,2403.3357,1004.0291,1226.3869,24
2025-08-21,0,bull,252.0295,242.2833,172.6247,136.4829,152.0295,142.2833,72.6247,36.4829,2520.2951,2422.8329,1038.9663,1199.1851,22
2025-08-22,0,bull,260.2628,250.1982,175.2756,136.7867,160.2628,150.1982,75.2756,36.7867,2602.6283,2501.9822,898.7844,1395.565,24
2025-08-25,0,bull,259.2765,249.2501,174.5042,135.5424,159.2765,149.2501,74.5042,35.5424,2592.7652,2492.5005,1016.2271,1274.8781,23
2025-08-26,0,bull,258.7578,248.7514,175.2349,135.5279,158.7578,148.7514,75.2349,35.5279,2587.5776,2487.5136,934.4455,1527.5875,22
2025-08-27,0,bull,262.1345,251.9975,175.6342,136.0922,162.1345,151.9975,75.6342,36.0922,2621.3449,2519.975,1083.9151,1455.8432,20
2025-08-28,0,bull,263.6777,253.481,176.2561,136.0488,163.6777,153.481,76.2561,36.0488,2636.7767,2534.81,963.517,1569.3046,22
2025-08-29,0,bull,262.5916,252.4369,175.205,136.3816,162.5916,152.4369,75.205,36.3816,2625.9158,2524.3691,908.8722,1658.1414,23
2025-09-02,0,bull,259.6668,249.6253,173.9067,136.0343,159.6668,149.6253,73.9067,36.0343,2596.6681,2496.2525,1040.2699,1542.0852,22
2025-09-03,0,bull,260.97,250.8781,174.8492,136.0922,160.97,150.8781,74.8492,36.0922,2609.7005,2508.7809,1047.169,1528.602,20
2025-09-04,0,bull,267.2122,256.8789,176.3105,136.3093,167.2122,156.8789,76.3105,36.3093,2672.1223,2568.7888,961.4733,1670.4098,21
2025-09-05,0,bull,272.0188,261.4995,175.7998,135.9909,172.0188,161.4995,75.7998,35.9909,2720.1877,2614.9955,911.9557,1739.6613,22
2025-09-08,0,bull,279.5947,268.7825,176.2317,136.1067,179.5947,168.7825,76.2317,36.1067,2795.9466,2687.8247,903.2236,1893.6992,21
2025-09-09,0,bull,281.0397,270.1717,176.6391,136.3527,181.0397,170.1717,76.6391,36.3527,2810.3973,2701.7166,872.3697,1957.6998,22
2025-09-10,0,bull,283.594,272.6271,177.1498,135.6292,183.594,172.6271,77.1498,35.6292,2835.9399,2726.2714,811.5357,2002.6957,23
2025-09-11,0,bull,291.8324,280.5469,178.6219,137.3221,191.8324,180.5469,78.6219,37.3221,2918.3238,2805.4695,789.2468,2037.821,22
2025-09-12,0,bull,290.7518,279.5082,178.5621,136.208,190.7518,179.5082,78.5621,36.208,2907.5181,2795.0816,789.2475,2018.5763,27
2025-09-15,0,bull,294.1174,282.7436,179.5128,135.7884,194.1174,182.7436,79.5128,35.7884,2941.1738,2827.4359,1008.661,1789.9062,25
2025-09-16,0,bull,293.6085,282.2543,179.2656,135.2248,193.6085,182.2543,79.2656,35.2248,2936.0845,2822.5434,805.5732,1973.0158,27
2025-09-17,0,bull,293.3208,281.9778,179.0429,135.893,193.3208,181.9778,79.0429,35.893,2933.208,2819.7781,933.3106,1859.0955,24
2025-09-18,0,bull,299.8724,288.276,179.8795,136.0818,199.8724,188.276,79.8795,36.0818,2998.7235,2882.7601,910.81,1910.2754,25
2025-09-19,0,bull,301.5962,289.9332,180.7704,136.2997,201.5962,189.9332,80.7704,36.2997,3015.9621,2899.3319,789.2474,2051.5857,26
2025-09-22,0,bull,304.9305,293.1386,181.6257,136.4449,204.9305,193.1386,81.6257,36.4449,3049.3053,2931.3858,789.2462,2070.7408,26
2025-09-23,0,bull,301.6155,289.9517,180.637,136.7354,201.6155,189.9517,80.637,36.7354,3016.1548,2899.5173,877.4716,1974.1118,25
2025-09-24,0,bull,298.6251,287.077,180.0622,136.7644,198.6251,187.077,80.0622,36.7644,2986.2507,2870.7696,913.5175,1918.8725,25
2025-09-25,0,bull,296.6874,285.2142,179.2315,135.9656,196.6874,185.2142,79.2315,35.9656,2966.874,2852.1422,941.7549,1881.8456,24
2025-09-26,0,bull,298.1132,286.5849,180.2584,137.3164,198.1132,186.5849,80.2584,37.3164,2981.1322,2865.849,841.5135,1990.8747,26
2025-09-29,0,bull,302.1897,290.5037,180.765,137.5778,202.1897,190.5037,80.765,37.5778,3021.8966,2905.037,995.5539,1856.8245,23
2025-09-30,0,bull,302.3725,290.6795,181.4459,138.1879,202.3725,190.6795,81.4459,38.1879,3023.7253,2906.795,1082.9948,1794.1981,21
2025-10-01,0,bull,307.881,295.975,182.0642,137.9409,207.881,195.975,82.0642,37.9409,3078.81,2959.7495,1160.0046,1769.28,20
2025-10-02,0,bull,309.2962,297.3355,182.2739,137.7376,209.2962,197.3355,82.2739,37.7376,3092.9624,2973.3547,1014.7726,1917.9507,20
2025-10-03,0,bull,311.224,299.1887,182.2712,138.2024,211.224,199.1887,82.2712,38.2024,3112.2403,2991.8871,1014.7726,1904.5262,20
2025-10-06,0,bull,313.2383,301.1251,182.9248,138.1007,213.2383,201.1251,82.9248,38.1007,3132.3834,3011.2511,1045.628,1883.4688,19
2025-10-07,0,bull,312.725,300.6316,182.2466,138.3331,212.725,200.6316,82.2466,38.3331,3127.2501,3006.3164,977.8623,1936.765,20
2025-10-08,0,bull,322.2854,309.8223,183.3334,138.6091,222.2854,209.8223,83.3334,38.6091,3222.8542,3098.2234,1030.4169,1936.5877,19
2025-10-09,0,bull,321.3629,308.9355,182.8023,137.8102,221.3629,208.9355,82.8023,37.8102,3213.6292,3089.3551,1064.2779,1900.6801,18
2025-10-10,1,bear,308.1755,296.7781,177.8615,136.5175,208.1755,196.7781,77.8615,36.5175,3081.7546,2967.7813,1301.8911,1580.6532,15
2025-10-13,1,bear,315.579,303.7011,180.5906,136.9387,215.579,203.7011,80.5906,36.9387,3155.7898,3037.0105,1413.8136,1509.0207,14
2025-10-14,1,bear,312.3159,300.2336,180.37,137.5488,212.3159,200.2336,80.37,37.5488,3123.1594,3002.3362,1530.4128,1379.217,13
2025-10-15,1,bear,316.726,304.8482,181.1708,136.8952,216.726,204.8482,81.1708,36.8952,3167.2597,3048.4824,1586.095,1343.8578,12
2025-10-16,1,bear,315.4356,304.4117,179.937,135.5589,215.4356,204.4117,79.937,35.5589,3154.3556,3044.1165,1702.4183,1204.4366,10
2025-10-17,1,bear,314.5337,302.8441,180.9584,136.6192,214.5337,202.8441,80.9584,36.6192,3145.3372,3028.4411,1760.793,1139.1423,10
2025-10-20,1,bear,316.6096,304.2954,182.8404,137.4326,216.6096,204.2954,82.8404,37.4326,3166.0959,3042.9543,1760.793,1161.8892,10
2025-10-21,1,bear,317.3912,304.9401,182.8377,137.5924,217.3912,204.9401,82.8377,37.5924,3173.9124,3049.4012,1799.6593,1122.8015,10
2025-10-22,1,bear,316.6863,304.3124,181.8871,137.5197,216.6863,204.3124,81.8871,37.5197,3166.8626,3043.1236,1991.219,912.9282,7
2025-10-23,1,bear,318.0717,305.9191,182.9657,137.1566,218.0717,205.9191,82.9657,37.1566,3180.7171,3059.1914,1991.219,929.4911,7
2025-10-24,1,bear,318.4727,306.2275,184.461,137.2583,218.4727,206.2275,84.461,37.2583,3184.7269,3062.275,1991.219,941.5623,7
2025-10-27,0,bull,317.1295,304.4629,186.6372,137.8828,217.1295,204.4629,86.6372,37.8828,3171.295,3044.6292,1169.5459,1759.2457,16
2025-10-28,0,bull,317.0636,304.3997,187.1329,136.8661,217.0636,204.3997,87.1329,36.8661,3170.6365,3043.997,1121.5496,1810.2187,16
2025-10-29,0,bull,323.8869,310.9504,187.2228,135.1377,223.8869,210.9504,87.2228,35.1377,3238.8687,3109.5039,1157.6034,1799.6394,16
2025-10-30,0,bull,318.3463,305.6311,185.1637,135.4282,218.3463,205.6311,85.1637,35.4282,3183.4627,3056.3109,1014.0677,1912.5918,18
2025-10-31,0,bull,321.6777,308.8295,185.7711,135.341,221.6777,208.8295,85.7711,35.341,3216.7774,3088.2949,789.2505,2169.3524,21
2025-11-03,0,bull,325.3504,312.3555,186.1197,134.7165,225.3504,212.3555,86.1197,34.7165,3253.5041,3123.5548,789.2481,2192.695,23
2025-11-04,0,bull,309.439,297.0796,183.9135,134.8181,209.439,197.0796,83.9135,34.8181,3094.3904,2970.7962,951.399,1935.7474,22
2025-11-05,0,bull,322.5356,309.653,184.5509,135.007,222.5356,209.653,84.5509,35.007,3225.3555,3096.5305,849.6605,2085.8112,23
2025-11-06,0,bull,319.8885,307.1117,182.5708,134.121,219.8885,207.1117,82.5708,34.121,3198.8852,3071.1174,832.6063,2073.1502,23
2025-11-07,0,bull,323.1589,310.2515,182.7505,135.0651,223.1589,210.2515,82.7505,35.0651,3231.5887,3102.5147,789.2461,2155.1211,24
2025-11-10,0,bull,336.6478,323.2016,185.6022,135.646,236.6478,223.2016,85.6022,35.646,3366.4775,3232.0159,807.2118,2207.4995,25
2025-11-11,0,bull,332.9149,319.6179,186.0271,136.9678,232.9149,219.6179,86.0271,36.9678,3329.1494,3196.1787,789.2479,2187.1838,26
2025-11-12,0,bull,335.4428,322.0447,186.1306,137.3454,235.4428,222.0447,86.1306,37.3454,3354.4279,3220.4475,791.795,2179.7779,26
2025-11-13,0,bull,320.1395,307.3527,183.042,136.6918,220.1395,207.3527,83.042,36.6918,3201.395,3073.5269,1086.4154,1813.2666,24
2025-11-14,0,bull,320.5753,307.7711,183.012,136.8225,220.5753,207.7711,83.012,36.8225,3205.7533,3077.7112,1115.1751,1766.8772,24
2025-11-17,1,bear,318.5569,306.143,181.307,136.1108,218.5569,206.143,81.307,36.1108,3185.5691,3061.4305,1630.9883,1237.1258,14
2025-11-18,1,bear,317.8456,305.5059,179.7844,136.0382,217.8456,205.5059,79.7844,36.0382,3178.4559,3055.0589,1711.181,1174.413,13
2025-11-19,1,bear,317.5633,305.6988,180.479,135.341,217.5633,205.6988,80.479,35.341,3175.633,3056.9879,1902.6674,977.4709,10
2025-11-20,1,bear,312.8875,301.7937,177.7281,134.5422,212.8875,201.7937,77.7281,34.5422,3128.8749,3017.9369,1958.4083,883.3184,9
2025-11-21,1,bear,314.9924,302.6227,179.4985,136.0963,214.9924,202.6227,79.4985,36.0963,3149.9239,3026.227,1958.4083,898.4703,9
2025-11-24,1,bear,315.5675,303.2749,182.1404,135.9656,215.5675,203.2749,82.1404,35.9656,3155.6755,3032.749,2058.9352,822.7094,6
2025-11-25,1,bear,318.8475,305.2118,183.8536,137.4907,218.8475,205.2118,83.8536,37.4907,3188.4751,3052.1182,2206.4597,685.2926,4
2025-11-26,1,bear,319.2989,305.3241,185.1229,137.8683,219.2989,205.3241,85.1229,37.8683,3192.9892,3053.2411,2206.4597,685.8232,4
2025-11-28,1,bear,319.8656,305.3629,186.1333,138.4638,219.8656,205.3629,86.1333,38.4638,3198.6559,3053.6292,2206.4597,706.93,4
2025-12-01,1,bear,318.7791,305.2597,185.2835,137.3454,218.7791,205.2597,85.2835,37.3454,3187.7907,3052.5966,2221.7892,688.1452,3
2025-12-02,1,bear,318.4316,305.2597,185.6267,136.9533,218.4316,205.2597,85.6267,36.9533,3184.3159,3052.5966,2221.7892,698.4601,3
2025-12-03,0,bull,320.865,307.2229,186.2695,137.389,220.865,207.2229,86.2695,37.389,3208.6499,3072.2294,1362.2753,1570.3229,13
2025-12-04,0,bull,324.6962,310.8912,186.4057,137.2728,224.6962,210.8912,86.4057,37.2728,3246.9619,3108.9124,1100.2779,1854.304,16
2025-12-05,0,bull,328.62,314.6482,186.7598,137.3745,228.62,214.6482,86.7598,37.3745,3286.1997,3146.482,922.9857,2112.315,18
2025-12-08,0,bull,335.5064,321.2418,186.1987,136.3723,235.5064,221.2418,86.1987,36.3723,3355.0636,3212.4181,979.6905,2137.1584,18
2025-12-09,0,bull,338.2167,323.837,186.038,136.0382,238.2167,223.837,86.038,36.0382,3382.1675,3238.3696,916.7607,2255.108,19
2025-12-10,0,bull,347.6904,332.9078,187.2718,136.3287,247.6904,232.9078,87.2718,36.3287,3476.9043,3329.0785,789.2479,2513.4166,20
2025-12-11,0,bull,347.245,332.4814,187.7076,137.4762,247.245,232.4814,87.7076,37.4762,3472.4504,3324.8139,789.2488,2514.5529,22
2025-12-12,0,bull,329.8847,315.8591,185.6894,137.4471,229.8847,215.8591,85.6894,37.4471,3298.8467,3158.5913,927.2813,2320.0837,22
2025-12-15,0,bull,326.8237,312.9283,185.4088,137.6504,226.8237,212.9283,85.4088,37.6504,3268.237,3129.283,964.982,2240.4127,22
2025-12-16,0,bull,325.5037,311.6644,184.9022,136.6601,225.5037,211.6644,84.9022,36.6601,3255.0366,3116.6439,1058.2607,2140.534,20
2025-12-17,0,bull,319.8035,306.2065,182.8676,136.7622,219.8035,206.2065,82.8676,36.7622,3198.0345,3062.0653,1191.5861,1955.5288,18
2025-12-18,0,bull,324.1517,310.3699,184.2485,136.8789,224.1517,210.3699,84.2485,36.8789,3241.5174,3103.6994,962.7436,2221.8462,21
2025-12-19,0,bull,333.6498,319.4642,185.9185,137.2727,233.6498,219.4642,85.9185,37.2727,3336.4978,3194.6416,863.9028,2377.7096,23
2025-12-22,0,bull,336.5562,322.247,187.0767,138.1624,236.5562,222.247,87.0767,38.1624,3365.5619,3222.47,858.6695,2437.034,25
2025-12-23,0,bull,334.0322,319.8303,187.9317,138.1916,234.0322,219.8303,87.9317,38.1916,3340.3218,3198.303,1399.1792,1867.6373,17
2025-12-24,0,bull,335.7084,321.4352,188.5928,138.6583,235.7084,221.4352,88.5928,38.6583,3357.0835,3214.3521,1017.907,2257.937,21
2025-12-26,0,bull,333.4251,319.249,188.5737,138.7166,233.4251,219.249,88.5737,38.7166,3334.2507,3192.49,934.5942,2317.0108,22
2025-12-29,0,bull,331.565,317.468,187.9017,138.6583,231.565,217.468,87.9017,38.6583,3315.6495,3174.6797,1093.1902,2172.4691,21
2025-12-30,0,bull,329.1871,315.1912,187.6722,138.4832,229.1871,215.1912,87.6722,38.4832,3291.8711,3151.9123,1098.1122,2160.5462,22
2025-12-31,0,bull,325.2756,311.446,186.2818,137.331,225.2756,211.446,86.2818,37.331,3252.7562,3114.4604,1163.4831,2071.8067,21
2026-01-02,0,bull,325.2756,311.446,186.6232,136.5872,225.2756,211.446,86.6232,36.5872,3252.7562,3114.4604,1163.4831,2155.9755,21
2026-01-05,0,bull,320.9827,307.3356,187.8662,137.0977,220.9827,207.3356,87.8662,37.0977,3209.8271,3073.3565,563.4919,2726.4966,24
2026-01-06,0,bull,338.095,323.7204,188.9834,137.8999,238.095,223.7204,88.9834,37.8999,3380.9498,3237.2037,318.9009,3166.8872,25
2026-01-07,0,bull,335.5591,321.2923,188.3743,137.3602,235.5591,221.2923,88.3743,37.3602,3355.5909,3212.9229,375.1867,3055.9552,25
2026-01-08,0,bull,318.6731,305.1242,188.3552,137.8561,218.6731,205.1242,88.3552,37.8561,3186.7309,3051.2423,456.9634,2901.2394,24
2026-01-09,0,bull,327.8313,313.8931,189.6008,138.0311,227.8313,213.8931,89.6008,38.0311,3278.3129,3138.9305,336.1942,3127.7073,24
2026-01-12,0,bull,334.7411,320.5091,189.8986,138.352,234.7411,220.5091,89.8986,38.352,3347.4112,3205.091,163.489,3393.2341,25
2026-01-13,0,bull,342.7219,328.1506,189.5189,137.5061,242.7219,228.1506,89.5189,37.5061,3427.2189,3281.5056,163.4873,3427.8038,25
2026-01-14,0,bull,342.9124,328.333,188.5873,138.0165,242.9124,228.333,88.5873,38.0165,3429.1243,3283.3299,163.4838,3473.6982,26
2026-01-15,0,bull,342.5027,327.9407,189.1009,137.9436,242.5027,227.9407,89.1009,37.9436,3425.0268,3279.4066,163.4832,3424.8247,27
2026-01-16,0,bull,342.1127,327.5673,188.9425,137.7102,242.1127,227.5673,88.9425,37.7102,3421.1275,3275.6731,163.4843,3415.5805,28
2026-01-20,0,bull,344.3783,329.7366,185.0962,136.5289,244.3783,229.7366,85.0962,36.5289,3443.7832,3297.3656,163.4838,3430.3639,29
2026-01-21,0,bull,363.4152,347.9641,187.2324,137.5936,263.4152,247.9641,87.2324,37.5936,3634.1523,3479.6408,163.4867,3559.4001,30
2026-01-22,0,bull,366.7687,351.175,188.2104,138.177,266.7687,251.175,88.2104,38.177,3667.687,3511.7498,163.4834,3626.3414,31
2026-01-23,0,bull,357.3228,342.1306,188.2786,138.3811,257.3228,242.1306,88.2786,38.3811,3573.2275,3421.3064,163.4837,3552.785,32
2026-01-26,0,bull,355.7356,340.6109,189.2348,139.3146,255.7356,240.6109,89.2348,39.3146,3557.3555,3406.1092,625.7308,3021.6443,32
2026-01-27,0,bull,363.8344,348.3654,189.9887,139.0375,263.8344,248.3654,89.9887,39.0375,3638.3437,3483.6541,163.4856,3597.9183,33
2026-01-28,0,bull,375.2776,359.3222,189.9696,138.7895,275.2776,259.3222,89.9696,38.7895,3752.7765,3593.2216,199.4927,3674.979,34
2026-01-29,0,bull,374.6542,358.7252,189.5926,138.0894,274.6542,258.7252,89.5926,38.0894,3746.5422,3587.2523,245.184,3508.0006,34
2026-01-30,0,bull,365.4686,349.9302,189.0271,138.5416,265.4686,249.9302,89.0271,38.5416,3654.6862,3499.3017,297.9831,3389.8788,32
2026-02-02,0,bull,379.7086,363.5647,189.9669,139.1104,279.7086,263.5647,89.9669,39.1104,3797.0857,3635.6469,331.769,3495.4002,34
2026-02-03,0,bull,386.7986,370.3533,188.3606,138.3811,286.7986,270.3533,88.3606,38.3811,3867.986,3703.5328,163.4848,3698.2564,35
2026-02-04,0,bull,379.6474,363.5061,187.4482,138.7458,279.6474,263.5061,87.4482,38.7458,3796.474,3635.0613,233.3321,3483.0279,33
2026-02-05,1,bear,376.5488,360.5633,185.1071,138.4541,276.5488,260.5633,85.1071,38.4541,3765.4884,3605.6329,332.3754,3317.7117,31
2026-02-06,1,bear,395.8797,378.8833,188.6584,140.0584,295.8797,278.8833,88.6584,40.0584,3958.7974,3788.8332,332.3754,3497.4651,31
2026-02-09,1,bear,403.0349,385.7536,189.568,139.8688,303.0349,285.7536,89.568,39.8688,4030.3492,3857.5356,365.2531,3535.8109,29
2026-02-10,1,bear,399.2088,382.0858,189.0681,139.9126,299.2088,282.0858,89.0681,39.9126,3992.0877,3820.8582,396.5125,3462.0527,29
2026-02-11,1,bear,407.5912,390.0882,189.0244,140.0584,307.5912,290.0882,89.0244,40.0584,4075.9117,3900.8821,429.8519,3466.4577,29
2026-02-12,1,bear,401.7769,384.7119,186.1042,138.8333,301.7769,284.7119,86.1042,38.8333,4017.7691,3847.1186,540.7307,3335.6453,27
2026-02-13,1,bear,402.3115,384.9418,186.2353,140.2918,302.3115,284.9418,86.2353,40.2918,4023.1148,3849.4183,540.7307,3361.226,27
2026-02-17,0,bull,404.2296,386.8742,186.5358,139.7813,304.2296,286.8742,86.5358,39.7813,4042.2964,3868.7423,484.283,3435.4718,28
2026-02-18,0,bull,407.6762,390.1728,187.4755,140.0584,307.6762,290.1728,87.4755,40.0584,4076.7621,3901.7282,487.6383,3480.8219,29
2026-02-19,0,bull,407.2684,389.7825,186.9811,140.0876,307.2684,289.7825,86.9811,40.0876,4072.6842,3897.8254,289.7243,3697.7684,31
2026-02-20,0,bull,410.505,392.8801,188.3333,140.2918,310.505,292.8801,88.3333,40.2918,4105.0498,3928.8014,246.7329,3749.6358,32
2026-02-23,0,bull,395.4571,378.4783,186.4102,139.723,295.4571,278.4783,86.4102,39.723,3954.5708,3784.7831,396.7055,3532.0909,32
2026-02-24,0,bull,403.4504,386.1284,187.7651,140.5835,303.4504,286.1284,87.7651,40.5835,4034.5036,3861.2841,174.1263,3781.8198,34
2026-02-25,0,bull,413.1166,395.3797,189.3495,140.6126,313.1166,295.3797,89.3495,40.6126,4131.1663,3953.7966,163.4851,3864.1871,37
2026-02-26,0,bull,415.0788,397.2576,188.2978,141.1814,315.0788,297.2576,88.2978,41.1814,4150.7879,3972.5758,163.4836,3859.8368,39
2026-02-27,0,bull,414.1344,396.3538,187.3936,142.6545,314.1344,296.3538,87.3936,42.6545,4141.3444,3963.5377,275.9498,3806.5785,39
2026-03-02,0,bull,415.5657,397.7236,187.5001,142.4649,315.5657,297.7236,87.5001,42.4649,4155.657,3977.2358,272.7986,3849.5375,38
2026-03-03,1,bear,405.6936,388.3387,185.8474,141.7794,305.6936,288.3387,85.8474,41.7794,4056.9364,3883.387,406.8999,3562.3021,37
2026-03-04,1,bear,417.4921,399.6017,187.1586,141.9982,317.4921,299.6017,87.1586,41.9982,4174.9207,3996.0169,413.2301,3619.9193,37
2026-03-05,1,bear,413.766,396.151,186.1151,141.196,313.766,296.151,86.1151,41.196,4137.6603,3961.5097,484.7523,3450.2693,36
2026-03-06,1,bear,406.823,389.5438,183.6757,140.9627,306.823,289.5438,83.6757,40.9627,4068.2295,3895.438,625.3312,3173.08,34
2026-03-09,1,bear,412.2076,394.7031,185.2847,140.9481,312.2076,294.7031,85.2847,40.9481,4122.076,3947.0306,782.3143,3159.8831,32
2026-03-10,1,bear,409.6864,392.5807,184.9869,139.898,309.6864,292.5807,84.9869,39.898,4096.8643,3925.8073,879.2985,3073.0374,31
2026-03-11,1,bear,409.5723,392.699,184.7547,139.1687,309.5723,292.699,84.7547,39.1687,4095.7226,3926.9897,991.9544,3010.5549,30
2026-03-12,1,bear,403.9914,387.5673,181.9492,138.5416,303.9914,287.5673,81.9492,38.5416,4039.9141,3875.6732,1083.0645,2806.3789,29
2026-03-13,1,bear,402.9914,386.5626,180.9194,138.6583,302.9914,286.5626,80.9194,38.6583,4029.9144,3865.6256,1116.5537,2791.9949,28
2026-03-16,1,bear,404.6885,387.8594,182.7606,139.4896,304.6885,287.8594,82.7606,39.4896,4046.8854,3878.5944,1337.4607,2677.0119,25
2026-03-17,1,bear,404.3989,387.689,183.2414,139.2582,304.3989,287.689,83.2414,39.2582,4043.9889,3876.89,1357.4829,2683.0727,23
2026-03-18,1,bear,402.699,387.1552,180.6845,136.915,302.699,287.1552,80.6845,36.915,4026.9905,3871.552,1385.4242,2635.3014,21
2026-03-19,1,bear,402.6297,387.2383,180.2392,136.6075,302.6297,287.2383,80.2392,36.6075,4026.2968,3872.3833,1385.4242,2690.781,21
2026-03-20,1,bear,401.9939,387.283,177.6553,135.2455,301.9939,287.283,77.6553,35.2455,4019.939,3872.8296,1385.4242,2594.7922,21
2026-03-23,1,bear,402.2719,387.2515,179.5207,135.846,302.2719,287.2515,79.5207,35.846,4022.7188,3872.5152,1406.8815,2598.0316,21
2026-03-24,1,bear,401.9291,387.2515,178.9181,135.1869,301.9291,287.2515,78.9181,35.1869,4019.291,3872.5152,1406.8815,2650.3501,21
2026-03-25,1,bear,402.1707,387.2515,179.9152,135.6556,302.1707,287.2515,79.9152,35.6556,4021.7068,3872.5152,1406.8815,2713.207,21
2026-03-26,1,bear,401.8593,387.2515,176.7021,135.0405,301.8593,287.2515,76.7021,35.0405,4018.5934,3872.5152,1406.8815,2525.0649,21
2026-03-27,1,bear,401.0095,387.2515,173.689,133.4442,301.0095,287.2515,73.689,33.4442,4010.0949,3872.5152,1406.8815,2552.3209,21
2026-03-30,1,bear,401.4552,387.2515,173.1083,134.279,301.4552,287.2515,73.1083,34.279,4014.5519,3872.5152,1406.8815,2431.2641,21
2026-03-31,1,bear,402.2978,387.2515,178.1402,135.8167,302.2978,287.2515,78.1402,35.8167,4022.9776,3872.5152,1406.8815,2569.2283,21
2026-04-01,1,bear,402.244,387.2515,179.4824,135.7141,302.244,287.2515,79.4824,35.7141,4022.4404,3872.5152,1406.8815,2680.6035,21
2026-04-02,1,bear,402.7595,387.2515,179.644,136.7246,302.7595,287.2515,79.644,36.7246,4027.5947,3872.5152,1406.8815,2777.7114,21
2026-04-06,1,bear,402.803,387.2515,180.4931,136.8125,302.803,287.2515,80.4931,36.8125,4028.0298,3872.5152,1406.8815,2765.3397,21
2026-04-07,1,bear,402.6503,387.2515,180.5726,136.505,302.6503,287.2515,80.5726,36.505,4026.5032,3872.5152,1406.8815,2770.4483,21
2026-04-08,1,bear,403.3123,387.2515,185.1717,137.8377,303.3123,287.2515,85.1717,37.8377,4033.1229,3872.5152,1406.8815,2874.6538,21
2026-04-09,1,bear,403.1292,387.2515,186.2399,137.4569,303.1292,287.2515,86.2399,37.4569,4031.2924,3872.5152,1406.8815,2874.1718,21
2026-04-10,1,bear,402.3459,387.2515,186.1167,135.8313,302.3459,287.2515,86.1167,35.8313,4023.4588,3872.5152,1406.8815,2961.1554,21
2026-04-13,1,bear,402.8768,387.2515,187.9355,136.9443,302.8768,287.2515,87.9355,36.9443,4028.7681,3872.5152,1406.8815,2984.4057,21
2026-04-14,1,bear,402.9872,387.2515,190.2255,137.1786,302.9872,287.2515,90.2255,37.1786,4029.8724,3872.5152,1406.8815,3056.894,21
2026-04-15,1,bear,403.1703,387.2515,191.7265,137.5741,303.1703,287.2515,91.7265,37.5741,4031.7029,3872.5152,1406.8815,3038.8026,21
2026-04-16,0,bull,405.005,388.7203,192.1977,138.2331,305.005,288.7203,92.1977,38.2331,4050.0503,3887.2029,660.8514,3857.6143,25
